{
  "battle_won_mean": [
    0.0,
    0.0,
    0.0,
    0.0,
    0.0,
    0.0
  ],
  "battle_won_mean_T": [
    29,
    10056,
    20081,
    30113,
    40143,
    50169
  ],
  "curiosity_decay_cycle": [
    100000,
    100000,
    100000,
    100000,
    100000,
    100000
  ],
  "curiosity_decay_cycle_T": [
    1055,
    11061,
    21061,
    31077,
    41079,
    51079
  ],
  "curiosity_decay_rate": [
    0.9,
    0.9,
    0.9,
    0.9,
    0.9,
    0.9
  ],
  "curiosity_decay_rate_T": [
    1055,
    11061,
    21061,
    31077,
    41079,
    51079
  ],
  "curiosity_decay_stop": [
    0.0,
    0.0,
    0.0,
    0.0,
    0.0,
    0.0
  ],
  "curiosity_decay_stop_T": [
    1055,
    11061,
    21061,
    31077,
    41079,
    51079
  ],
  "curiosity_scale": [
    0.001,
    0.001,
    0.001,
    0.001,
    0.001,
    0.001
  ],
  "curiosity_scale_T": [
    1055,
    11061,
    21061,
    31077,
    41079,
    51079
  ],
  "emdqn_curr_capacity": [
    1087,
    11312,
    21423,
    31545,
    41697,
    51955
  ],
  "emdqn_curr_capacity_T": [
    1055,
    11061,
    21061,
    31077,
    41079,
    51079
  ],
  "emdqn_loss": [
    0.0,
    0.0,
    0.0,
    0.0,
    0.0,
    0.0
  ],
  "emdqn_loss_T": [
    1055,
    11061,
    21061,
    31077,
    41079,
    51079
  ],
  "emdqn_weight": [
    0.1,
    0.1,
    0.1,
    0.1,
    0.1,
    0.1
  ],
  "emdqn_weight_T": [
    1055,
    11061,
    21061,
    31077,
    41079,
    51079
  ],
  "ep_length_mean": [
    29.0,
    32.76797385620915,
    33.1953642384106,
    32.89180327868853,
    32.45954692556634,
    31.727848101265824
  ],
  "ep_length_mean_T": [
    29,
    10056,
    20081,
    30113,
    40143,
    50169
  ],
  "episode": [
    306,
    608,
    913,
    1221,
    1537
  ],
  "episode_T": [
    10028,
    20051,
    30068,
    40071,
    50090
  ],
  "epsilon": [
    1.0,
    0.8094680000000001,
    0.6190310000000001,
    0.4287080000000001,
    0.23800500000000013,
    0.05
  ],
  "epsilon_T": [
    29,
    10056,
    20081,
    30113,
    40143,
    50169
  ],
  "grad_norm": [
    3.483478307723999,
    0.424202561378479,
    0.9109380841255188,
    1.5209463834762573,
    1.0956628322601318,
    1.2263389825820923
  ],
  "grad_norm_T": [
    1055,
    11061,
    21061,
    31077,
    41079,
    51079
  ],
  "loss": [
    0.3594006299972534,
    0.09510568529367447,
    0.13740716874599457,
    0.13690897822380066,
    0.11165976524353027,
    0.1076388880610466
  ],
  "loss_T": [
    1055,
    11061,
    21061,
    31077,
    41079,
    51079
  ],
  "num_circle": [
    1,
    1,
    1,
    1,
    1,
    1
  ],
  "num_circle_T": [
    29,
    10056,
    20081,
    30113,
    40143,
    50169
  ],
  "pred_total_reward": [
    -0.08889608518772216,
    0.25405734135554386,
    0.3152334130950985,
    0.27548759453049226,
    0.3319805202199452,
    0.31451912949368416
  ],
  "pred_total_reward_T": [
    1055,
    11061,
    21061,
    31077,
    41079,
    51079
  ],
  "q_taken_mean": [
    0.3532946256664692,
    0.7880307124211238,
    1.121048975617085,
    1.3912666091400945,
    1.5824587238368704,
    1.6764722802173133
  ],
  "q_taken_mean_T": [
    1055,
    11061,
    21061,
    31077,
    41079,
    51079
  ],
  "return_mean": [
    {
      "dtype": "float64",
      "py/object": "numpy.float64",
      "value": 9.662388392857144
    },
    {
      "dtype": "float64",
      "py/object": "numpy.float64",
      "value": 9.164075586733272
    },
    {
      "dtype": "float64",
      "py/object": "numpy.float64",
      "value": 9.795608343339453
    },
    {
      "dtype": "float64",
      "py/object": "numpy.float64",
      "value": 10.24761296272887
    },
    {
      "dtype": "float64",
      "py/object": "numpy.float64",
      "value": 10.69404245159422
    },
    {
      "dtype": "float64",
      "py/object": "numpy.float64",
      "value": 10.400562101380126
    }
  ],
  "return_mean_T": [
    29,
    10056,
    20081,
    30113,
    40143,
    50169
  ],
  "return_std": [
    {
      "dtype": "float64",
      "py/object": "numpy.float64",
      "value": 0.0
    },
    {
      "dtype": "float64",
      "py/object": "numpy.float64",
      "value": 1.4666321538004692
    },
    {
      "dtype": "float64",
      "py/object": "numpy.float64",
      "value": 1.706499733462103
    },
    {
      "dtype": "float64",
      "py/object": "numpy.float64",
      "value": 1.6767258807549872
    },
    {
      "dtype": "float64",
      "py/object": "numpy.float64",
      "value": 1.6386486257125807
    },
    {
      "dtype": "float64",
      "py/object": "numpy.float64",
      "value": 1.5897228932771468
    }
  ],
  "return_std_T": [
    29,
    10056,
    20081,
    30113,
    40143,
    50169
  ],
  "rewardnet_loss": [
    0.1545129269361496,
    0.024173930287361145,
    0.02342323027551174,
    0.027102312073111534,
    0.022407501935958862,
    0.02603943645954132
  ],
  "rewardnet_loss_T": [
    1055,
    11061,
    21061,
    31077,
    41079,
    51079
  ],
  "target_mean": [
    0.5638251860559834,
    0.7758914067195012,
    1.1518564993623945,
    1.3423888745756547,
    1.6136382373411264,
    1.7135397958572798
  ],
  "target_mean_T": [
    1055,
    11061,
    21061,
    31077,
    41079,
    51079
  ],
  "td_error_abs": [
    0.46426513093342714,
    0.22411736708420973,
    0.26925475959706263,
    0.2683161708709687,
    0.250023058990934,
    0.24260854903765566
  ],
  "td_error_abs_T": [
    1055,
    11061,
    21061,
    31077,
    41079,
    51079
  ],
  "test_battle_won_mean": [
    0.0,
    0.0,
    0.0,
    0.0,
    0.0,
    0.0
  ],
  "test_battle_won_mean_T": [
    29,
    10056,
    20081,
    30113,
    40143,
    50169
  ],
  "test_ep_length_mean": [
    30.71875,
    33.59375,
    33.625,
    33.125,
    33.34375,
    32.3125
  ],
  "test_ep_length_mean_T": [
    29,
    10056,
    20081,
    30113,
    40143,
    50169
  ],
  "test_return_mean": [
    {
      "dtype": "float64",
      "py/object": "numpy.float64",
      "value": 8.899963180740158
    },
    {
      "dtype": "float64",
      "py/object": "numpy.float64",
      "value": 12.115708883706624
    },
    {
      "dtype": "float64",
      "py/object": "numpy.float64",
      "value": 11.874522915134182
    },
    {
      "dtype": "float64",
      "py/object": "numpy.float64",
      "value": 12.363489324396307
    },
    {
      "dtype": "float64",
      "py/object": "numpy.float64",
      "value": 11.170954518503958
    },
    {
      "dtype": "float64",
      "py/object": "numpy.float64",
      "value": 11.1885878327605
    }
  ],
  "test_return_mean_T": [
    29,
    10056,
    20081,
    30113,
    40143,
    50169
  ],
  "test_return_std": [
    {
      "dtype": "float64",
      "py/object": "numpy.float64",
      "value": 1.2164735177883013
    },
    {
      "dtype": "float64",
      "py/object": "numpy.float64",
      "value": 0.8931201838648619
    },
    {
      "dtype": "float64",
      "py/object": "numpy.float64",
      "value": 1.4968425336373097
    },
    {
      "dtype": "float64",
      "py/object": "numpy.float64",
      "value": 1.50832430221286
    },
    {
      "dtype": "float64",
      "py/object": "numpy.float64",
      "value": 2.084276956496606
    },
    {
      "dtype": "float64",
      "py/object": "numpy.float64",
      "value": 1.4687200394125186
    }
  ],
  "test_return_std_T": [
    29,
    10056,
    20081,
    30113,
    40143,
    50169
  ],
  "vdn extrinsic rewards": [
    0.2688413213214603,
    0.2757467710054838,
    0.28877822274785997,
    0.2949179086028431,
    0.3165754631384095,
    0.31565330768453664
  ],
  "vdn extrinsic rewards_T": [
    1055,
    11061,
    21061,
    31077,
    41079,
    51079
  ],
  "vdn intrinsic rewards": [
    0.00811420910731311,
    0.0031509610322805553,
    0.0037432215674509475,
    0.004380759397371664,
    0.004923408600821424,
    0.00483325432086813
  ],