{
  "battle_won_mean": [
    0.0,
    0.0,
    0.0,
    0.0
  ],
  "battle_won_mean_T": [
    32,
    10048,
    20063,
    30071
  ],
  "curiosity_decay_cycle": [
    100000,
    100000,
    100000,
    100000
  ],
  "curiosity_decay_cycle_T": [
    1035,
    11049,
    21064,
    31072
  ],
  "curiosity_decay_rate": [
    0.9,
    0.9,
    0.9,
    0.9
  ],
  "curiosity_decay_rate_T": [
    1035,
    11049,
    21064,
    31072
  ],
  "curiosity_decay_stop": [
    0.0,
    0.0,
    0.0,
    0.0
  ],
  "curiosity_decay_stop_T": [
    1035,
    11049,
    21064,
    31072
  ],
  "curiosity_scale": [
    0.001,
    0.001,
    0.001,
    0.001
  ],
  "curiosity_scale_T": [
    1035,
    11049,
    21064,
    31072
  ],
  "emdqn_curr_capacity": [
    1067,
    11292,
    21414,
    31561
  ],
  "emdqn_curr_capacity_T": [
    1035,
    11049,
    21064,
    31072
  ],
  "emdqn_loss": [
    0.0,
    0.0,
    0.0,
    0.0
  ],
  "emdqn_loss_T": [
    1035,
    11049,
    21064,
    31072
  ],
  "emdqn_weight": [
    0.1,
    0.1,
    0.1,
    0.1
  ],
  "emdqn_weight_T": [
    1035,
    11049,
    21064,
    31072
  ],
  "ep_length_mean": [
    32.0,
    32.62540716612378,
    33.052805280528055,
    32.59934853420195
  ],
  "ep_length_mean_T": [
    32,
    10048,
    20063,
    30071
  ],
  "episode": [
    307,
    610,
    917
  ],
  "episode_T": [
    10010,
    20031,
    30041
  ],
  "epsilon": [
    1.0,
    0.80981,
    0.619411,
    0.4292210000000001
  ],
  "epsilon_T": [
    32,
    10048,
    20063,
    30071
  ],
  "grad_norm": [
    4.980376243591309,
    0.616766631603241,
    0.8685154914855957,
    0.8937525153160095
  ],
  "grad_norm_T": [
    1035,
    11049,
    21064,
    31072
  ],
  "individual_reward": [
    -0.0002454223264242716,
    -2.3871852799241705e-05,
    0.00024002458678554895,
    0.0004716008649271609
  ],
  "individual_reward_T": [
    1035,
    11049,
    21064,
    31072
  ],
  "loss": [
    0.5277764201164246,
    0.0957346260547638,
    0.15213347971439362,
    0.11572737991809845
  ],
  "loss_T": [
    1035,
    11049,
    21064,
    31072
  ],
  "num_circle": [
    1,
    1,
    1,
    1
  ],
  "num_circle_T": [
    32,
    10048,
    20063,
    30071
  ],
  "pred_total_reward": [
    -0.24461012393380133,
    0.005460965005975021,
    0.25034424531025073,
    0.4264975661729039
  ],
  "pred_total_reward_T": [
    1035,
    11049,
    21064,
    31072
  ],
  "q_taken_mean": [
    0.49853922526041666,
    0.8199081994537124,
    1.31140019568738,
    1.5122943063558325
  ],
  "q_taken_mean_T": [
    1035,
    11049,
    21064,
    31072
  ],
  "return_mean": [
    {
      "dtype": "float64",
      "py/object": "numpy.float64",
      "value": 8.993141867897728
    },
    {
      "dtype": "float64",
      "py/object": "numpy.float64",
      "value": 9.212348266999186
    },
    {
      "dtype": "float64",
      "py/object": "numpy.float64",
      "value": 9.70315844363454
    },
    {
      "dtype": "float64",
      "py/object": "numpy.float64",
      "value": 10.0102609498604
    }
  ],
  "return_mean_T": [
    32,
    10048,
    20063,
    30071
  ],
  "return_std": [
    {
      "dtype": "float64",
      "py/object": "numpy.float64",
      "value": 0.0
    },
    {
      "dtype": "float64",
      "py/object": "numpy.float64",
      "value": 1.6334725067332072
    },
    {
      "dtype": "float64",
      "py/object": "numpy.float64",
      "value": 1.5917697546528675
    },
    {
      "dtype": "float64",
      "py/object": "numpy.float64",
      "value": 1.543190447549454
    }
  ],
  "return_std_T": [
    32,
    10048,
    20063,
    30071
  ],
  "rewardnet_loss": [
    0.5290365815162659,
    0.11640048027038574,
    0.08500777930021286,
    0.07297820597887039
  ],
  "rewardnet_loss_T": [
    1035,
    11049,
    21064,
    31072
  ],
  "target_mean": [
    0.7687431003736414,
    0.8427283494992364,
    1.3396811457833493,
    1.5423699968397224
  ],
  "target_mean_T": [
    1035,
    11049,
    21064,
    31072
  ],
  "td_error_abs": [
    0.5966684829785628,
    0.22941352729510545,
    0.2855013739353407,
    0.24899728367716661
  ],
  "td_error_abs_T": [
    1035,
    11049,
    21064,
    31072
  ],
  "test_battle_won_mean": [
    0.0,
    0.0,
    0.0,
    0.0
  ],
  "test_battle_won_mean_T": [
    32,
    10048,
    20063,
    30071
  ],
  "test_ep_length_mean": [
    32.875,
    35.0625,
    32.96875,
    34.5625
  ],
  "test_ep_length_mean_T": [
    32,
    10048,
    20063,
    30071
  ],
  "test_return_mean": [
    {
      "dtype": "float64",
      "py/object": "numpy.float64",
      "value": 9.118190121341062
    },
    {
      "dtype": "float64",
      "py/object": "numpy.float64",
      "value": 12.595241596172382
    },
    {
      "dtype": "float64",
      "py/object": "numpy.float64",
      "value": 11.200773561155641
    },
    {
      "dtype": "float64",
      "py/object": "numpy.float64",
      "value": 12.923035559716162
    }
  ],
  "test_return_mean_T": [
    32,
    10048,
    20063,
    30071
  ],
  "test_return_std": [
    {
      "dtype": "float64",
      "py/object": "numpy.float64",
      "value": 1.2440215235518919
    },
    {
      "dtype": "float64",
      "py/object": "numpy.float64",
      "value": 1.1225836502983264
    },
    {
      "dtype": "float64",
      "py/object": "numpy.float64",
      "value": 1.9907845535438673
    },
    {
      "dtype": "float64",
      "py/object": "numpy.float64",
      "value": 1.295514731364971
    }
  ],
  "test_return_std_T": [
    32,
    10048,
    20063,
    30071
  ],
  "vdn extrinsic rewards": [
    0.27100343566009966,
    0.27271365402336406,
    0.2972502314884237,
    0.29474284619737773
  ],
  "vdn extrinsic rewards_T": [
    1035,
    11049,
    21064,
    31072
  ],
  "vdn grad_norm": [
    1.0889720916748047,
    0.32565194368362427,
    0.48151981830596924,
    0.6010693907737732
  ],
  "vdn grad_norm_T": [
    1035,
    11049,
    21064,
    31072
  ],
  "vdn hit_prob": [
    0.1246376782655716,
    0.1625939905643463,
    0.15978886187076569,
    0.16509877145290375
  ],
  "vdn hit_prob_T": [
    1035,
    11049,
    21064,
    31072
  ],
  "vdn intrinsic rewards": [
    0.0100801394181551,
    0.004246130025476441,
    0.005626857852752744,
    0.006092080504739497
  ],
  "vdn intrinsic rewards_T": [
    1035,
    11049,
    21064,
    31072
  ],
  "vdn loss": [
    0.7838208079338074,
    0.0852648913860321,
    0.13047368824481964,
    0.12708139419555664
  ],
  "vdn loss_T": [
    1035,
    11049,
    21064,
    31072
  ],
  "vdn prediction loss": [
    10.08013916015625,
    4.246129512786865,
    5.626857757568359,
    6.092080116271973
  ],
  "vdn prediction loss_T": [
    1035,
    11049,
    21064,
    31072
  ],
  "vdn q_taken_mean": [
    0.026493068824067784,
    0.3816217981783071,
    0.8432172017454415,
    1.1424790218206138
  ],
  "vdn q_taken_mean_T": [
    1035,
    11049,
    21064,
    31072
  ],
  "vdn target_mean": [
    0.4022470962598128,
    0.41676904205092813,
    0.8802697589896233,
    1.107469072458549
  ],
  "vdn target_mean_T": [
    1035,
    11049,
    21064,
    31072
  ],
  "vdn td_error_abs": [
    0.7585649720712561,
    0.21303957028496534,
    0.2628869113446197,
    0.2525550935589135
  ],
  "vdn td_error_abs_T": [
    1035,
    11049,
    21064,
    31072
  ]
}