{
  "battle_won_mean": [
    0.0,
    0.0,
    0.0,
    0.0,
    0.0,
    0.0
  ],
  "battle_won_mean_T": [
    31,
    10038,
    20055,
    30071,
    40083,
    50105
  ],
  "curiosity_decay_cycle": [
    100000,
    100000,
    100000,
    100000,
    100000,
    100000
  ],
  "curiosity_decay_cycle_T": [
    1054,
    11058,
    21074,
    31101,
    41125,
    51137
  ],
  "curiosity_decay_rate": [
    0.9,
    0.9,
    0.9,
    0.9,
    0.9,
    0.9
  ],
  "curiosity_decay_rate_T": [
    1054,
    11058,
    21074,
    31101,
    41125,
    51137
  ],
  "curiosity_decay_stop": [
    0.0,
    0.0,
    0.0,
    0.0,
    0.0,
    0.0
  ],
  "curiosity_decay_stop_T": [
    1054,
    11058,
    21074,
    31101,
    41125,
    51137
  ],
  "curiosity_scale": [
    0.001,
    0.001,
    0.001,
    0.001,
    0.001,
    0.001
  ],
  "curiosity_scale_T": [
    1054,
    11058,
    21074,
    31101,
    41125,
    51137
  ],
  "emdqn_curr_capacity": [
    1086,
    11307,
    21445,
    31595,
    41793,
    52053
  ],
  "emdqn_curr_capacity_T": [
    1054,
    11058,
    21074,
    31101,
    41125,
    51137
  ],
  "emdqn_loss": [
    0.0,
    0.0,
    0.0,
    0.0,
    0.0,
    0.0
  ],
  "emdqn_loss_T": [
    1054,
    11058,
    21074,
    31101,
    41125,
    51137
  ],
  "emdqn_weight": [
    0.1,
    0.1,
    0.1,
    0.1,
    0.1,
    0.1
  ],
  "emdqn_weight_T": [
    1054,
    11058,
    21074,
    31101,
    41125,
    51137
  ],
  "ep_length_mean": [
    31.0,
    32.70261437908497,
    32.842622950819674,
    33.49832775919732,
    32.82622950819672,
    31.51572327044025
  ],
  "ep_length_mean_T": [
    31,
    10038,
    20055,
    30071,
    40083,
    50105
  ],
  "episode": [
    306,
    611,
    910,
    1215,
    1533
  ],
  "episode_T": [
    10001,
    20022,
    30031,
    40052,
    50067
  ],
  "epsilon": [
    1.0,
    0.8099810000000001,
    0.6195820000000001,
    0.4294110000000001,
    0.2390120000000001,
    0.05
  ],
  "epsilon_T": [
    31,
    10038,
    20055,
    30071,
    40083,
    50105
  ],
  "grad_norm": [
    2.300605535507202,
    1.494706153869629,
    0.5978043675422668,
    0.5480689406394958,
    3.1284093856811523,
    2.369863271713257
  ],
  "grad_norm_T": [
    1054,
    11058,
    21074,
    31101,
    41125,
    51137
  ],
  "loss": [
    0.2861904501914978,
    0.12796199321746826,
    0.12956638634204865,
    0.12167461961507797,
    0.1723412424325943,
    0.15022560954093933
  ],
  "loss_T": [
    1054,
    11058,
    21074,
    31101,
    41125,
    51137
  ],
  "num_circle": [
    1,
    1,
    1,
    1,
    1,
    1
  ],
  "num_circle_T": [
    31,
    10038,
    20055,
    30071,
    40083,
    50105
  ],
  "q_taken_mean": [
    0.2829372977848523,
    0.7147447565840327,
    1.083251953125,
    1.3233611572495296,
    1.6014263945501208,
    1.9556373164900098
  ],
  "q_taken_mean_T": [
    1054,
    11058,
    21074,
    31101,
    41125,
    51137
  ],
  "return_mean": [
    {
      "dtype": "float64",
      "py/object": "numpy.float64",
      "value": 7.228353921469154
    },
    {
      "dtype": "float64",
      "py/object": "numpy.float64",
      "value": 9.201455514142209
    },
    {
      "dtype": "float64",
      "py/object": "numpy.float64",
      "value": 9.587242251536885
    },
    {
      "dtype": "float64",
      "py/object": "numpy.float64",
      "value": 10.373280602295122
    },
    {
      "dtype": "float64",
      "py/object": "numpy.float64",
      "value": 10.696781761879258
    },
    {
      "dtype": "float64",
      "py/object": "numpy.float64",
      "value": 10.307746705866363
    }
  ],
  "return_mean_T": [
    31,
    10038,
    20055,
    30071,
    40083,
    50105
  ],
  "return_std": [
    {
      "dtype": "float64",
      "py/object": "numpy.float64",
      "value": 0.0
    },
    {
      "dtype": "float64",
      "py/object": "numpy.float64",
      "value": 1.5465023621482532
    },
    {
      "dtype": "float64",
      "py/object": "numpy.float64",
      "value": 1.6351106558350605
    },
    {
      "dtype": "float64",
      "py/object": "numpy.float64",
      "value": 1.6222679203804478
    },
    {
      "dtype": "float64",
      "py/object": "numpy.float64",
      "value": 1.641364511530821
    },
    {
      "dtype": "float64",
      "py/object": "numpy.float64",
      "value": 1.6703681600648876
    }
  ],
  "return_std_T": [
    31,
    10038,
    20055,
    30071,
    40083,
    50105
  ],
  "target_mean": [
    0.45467042289603593,
    0.6379269441530477,
    1.097682606090199,
    1.30626534204492,
    1.707666015625,
    1.8823939392208822
  ],
  "target_mean_T": [
    1054,
    11058,
    21074,
    31101,
    41125,
    51137
  ],
  "td_error_abs": [
    0.3795117083265388,
    0.2848314480731007,
    0.2593628565470378,
    0.2549055499617827,
    0.3225375705295139,
    0.2735819677163286
  ],
  "td_error_abs_T": [
    1054,
    11058,
    21074,
    31101,
    41125,
    51137
  ],
  "test_battle_won_mean": [
    0.0,
    0.0,
    0.0,
    0.0,
    0.0,
    0.0
  ],
  "test_battle_won_mean_T": [
    31,
    10038,
    20055,
    30071,
    40083,
    50105
  ],
  "test_ep_length_mean": [
    33.34375,
    34.1875,
    34.25,
    33.75,
    31.6875,
    31.09375
  ],
  "test_ep_length_mean_T": [
    31,
    10038,
    20055,
    30071,
    40083,
    50105
  ],
  "test_return_mean": [
    {
      "dtype": "float64",
      "py/object": "numpy.float64",
      "value": 10.0403322492327
    },
    {
      "dtype": "float64",
      "py/object": "numpy.float64",
      "value": 12.129938695337865
    },
    {
      "dtype": "float64",
      "py/object": "numpy.float64",
      "value": 12.39028583873402
    },
    {
      "dtype": "float64",
      "py/object": "numpy.float64",
      "value": 11.685197508180297
    },
    {
      "dtype": "float64",
      "py/object": "numpy.float64",
      "value": 10.351680408824574
    },
    {
      "dtype": "float64",
      "py/object": "numpy.float64",
      "value": 10.4514758617847
    }
  ],
  "test_return_mean_T": [
    31,
    10038,
    20055,
    30071,
    40083,
    50105
  ],
  "test_return_std": [
    {
      "dtype": "float64",
      "py/object": "numpy.float64",
      "value": 1.0689820794375338
    },
    {
      "dtype": "float64",
      "py/object": "numpy.float64",
      "value": 1.375316270768142
    },
    {
      "dtype": "float64",
      "py/object": "numpy.float64",
      "value": 0.9453103808175342
    },
    {
      "dtype": "float64",
      "py/object": "numpy.float64",
      "value": 1.4480861012602169
    },
    {
      "dtype": "float64",
      "py/object": "numpy.float64",
      "value": 1.683557309773643
    },
    {
      "dtype": "float64",
      "py/object": "numpy.float64",
      "value": 1.281225233992058
    }
  ],
  "test_return_std_T": [
    31,
    10038,
    20055,
    30071,
    40083,
    50105
  ],
  "vdn extrinsic rewards": [
    0.27087720838398366,
    0.27624333789407574,
    0.2850073901089755,
    0.30827390396247356,
    0.3161935410061896,
    0.29894662600511696
  ],
  "vdn extrinsic rewards_T": [
    1054,
    11058,
    21074,
    31101,
    41125,
    51137
  ],
  "vdn grad_norm": [
    0.6026859879493713,
    0.19777943193912506,
    0.23859398066997528,
    0.5684990882873535,
    1.2249447107315063,
    0.8135934472084045
  ],
  "vdn grad_norm_T": [
    1054,
    11058,
    21074,
    31101,
    41125,
    51137
  ],
  "vdn hit_prob": [
    0.13472485542297363,
    0.1837455779314041,
    0.16571970283985138,
    0.20696142315864563,
    0.1927536278963089,
    0.2149122804403305
  ],
  "vdn hit_prob_T": [
    1054,
    11058,
    21074,
    31101,
    41125,
    51137
  ],
  "vdn intrinsic rewards": [
    0.007706276605884762,
    0.0042087880124472895,
    0.005689895514285926,
    0.006224182340634508,
    0.00636755533264455,
    0.006549525679203502
  ],