{
  "battle_won_mean": [
    0.0,
    0.0,
    0.0,
    0.0,
    0.0,
    0.0
  ],
  "battle_won_mean_T": [
    98,
    10099,
    20101,
    30104,
    40126,
    50130
  ],
  "curiosity_decay_cycle": [
    100000,
    100000,
    100000,
    100000,
    100000,
    100000
  ],
  "curiosity_decay_cycle_T": [
    1576,
    11593,
    21614,
    31646,
    41648,
    51685
  ],
  "curiosity_decay_rate": [
    0.9,
    0.9,
    0.9,
    0.9,
    0.9,
    0.9
  ],
  "curiosity_decay_rate_T": [
    1576,
    11593,
    21614,
    31646,
    41648,
    51685
  ],
  "curiosity_decay_stop": [
    0.0,
    0.0,
    0.0,
    0.0,
    0.0,
    0.0
  ],
  "curiosity_decay_stop_T": [
    1576,
    11593,
    21614,
    31646,
    41648,
    51685
  ],
  "curiosity_scale": [
    0.001,
    0.001,
    0.001,
    0.001,
    0.001,
    0.001
  ],
  "curiosity_scale_T": [
    1576,
    11593,
    21614,
    31646,
    41648,
    51685
  ],
  "emdqn_curr_capacity": [
    1608,
    11792,
    21779,
    31705,
    41306,
    50710
  ],
  "emdqn_curr_capacity_T": [
    1576,
    11593,
    21614,
    31646,
    41648,
    51685
  ],
  "emdqn_loss": [
    0.0,
    0.0,
    0.0,
    0.0,
    0.0,
    0.0
  ],
  "emdqn_loss_T": [
    1576,
    11593,
    21614,
    31646,
    41648,
    51685
  ],
  "emdqn_weight": [
    0.1,
    0.1,
    0.1,
    0.1,
    0.1,
    0.1
  ],
  "emdqn_weight_T": [
    1576,
    11593,
    21614,
    31646,
    41648,
    51685
  ],
  "ep_length_mean": [
    98.0,
    48.54854368932039,
    38.61776061776062,
    31.755555555555556,
    30.836923076923078,
    32.270967741935486
  ],
  "ep_length_mean_T": [
    98,
    10099,
    20101,
    30104,
    40126,
    50130
  ],
  "episode": [
    205,
    464,
    779,
    1103,
    1414
  ],
  "episode_T": [
    10027,
    20030,
    30031,
    40031,
    50067
  ],
  "epsilon": [
    1.0,
    0.808765,
    0.618746,
    0.4286700000000001,
    0.23811900000000008,
    0.05
  ],
  "epsilon_T": [
    98,
    10099,
    20101,
    30104,
    40126,
    50130
  ],
  "grad_norm": [
    0.867784321308136,
    0.07133875042200089,
    0.17575013637542725,
    0.7727101445198059,
    0.29208752512931824,
    0.2302445024251938
  ],
  "grad_norm_T": [
    1576,
    11593,
    21614,
    31646,
    41648,
    51685
  ],
  "loss": [
    0.05316644161939621,
    0.019112160429358482,
    0.015329856425523758,
    0.029575945809483528,
    0.01653868891298771,
    0.012639793567359447
  ],
  "loss_T": [
    1576,
    11593,
    21614,
    31646,
    41648,
    51685
  ],
  "num_circle": [
    1,
    1,
    1,
    1,
    1,
    1
  ],
  "num_circle_T": [
    98,
    10099,
    20101,
    30104,
    40126,
    50130
  ],
  "q_taken_mean": [
    0.22395830751473933,
    0.2719710610897702,
    0.3081128589999776,
    0.4725533640076103,
    0.486524455674864,
    0.5138916951029694
  ],
  "q_taken_mean_T": [
    1576,
    11593,
    21614,
    31646,
    41648,
    51685
  ],
  "return_mean": [
    {
      "dtype": "float64",
      "py/object": "numpy.float64",
      "value": 4.939999999999998
    },
    {
      "dtype": "float64",
      "py/object": "numpy.float64",
      "value": 3.319890776699029
    },
    {
      "dtype": "float64",
      "py/object": "numpy.float64",
      "value": 3.5921911196911194
    },
    {
      "dtype": "float64",
      "py/object": "numpy.float64",
      "value": 3.658285714285714
    },
    {
      "dtype": "float64",
      "py/object": "numpy.float64",
      "value": 3.6657307692307692
    },
    {
      "dtype": "float64",
      "py/object": "numpy.float64",
      "value": 3.859798387096774
    }
  ],
  "return_mean_T": [
    98,
    10099,
    20101,
    30104,
    40126,
    50130
  ],
  "return_std": [
    {
      "dtype": "float64",
      "py/object": "numpy.float64",
      "value": 0.0
    },
    {
      "dtype": "float64",
      "py/object": "numpy.float64",
      "value": 0.540882128700829
    },
    {
      "dtype": "float64",
      "py/object": "numpy.float64",
      "value": 0.5165269573247341
    },
    {
      "dtype": "float64",
      "py/object": "numpy.float64",
      "value": 0.43191034411261076
    },
    {
      "dtype": "float64",
      "py/object": "numpy.float64",
      "value": 0.40929078507286476
    },
    {
      "dtype": "float64",
      "py/object": "numpy.float64",
      "value": 0.4069100465276573
    }
  ],
  "return_std_T": [
    98,
    10099,
    20101,
    30104,
    40126,
    50130
  ],
  "target_mean": [
    0.2670922448792433,
    0.2740812688174834,
    0.3001448139161293,
    0.44029607435287904,
    0.49873598755288606,
    0.523035774864304
  ],
  "target_mean_T": [
    1576,
    11593,
    21614,
    31646,
    41648,
    51685
  ],
  "td_error_abs": [
    0.1629879365717699,
    0.09387842729638185,
    0.0838587790135092,
    0.13353966230824707,
    0.09854043664871728,
    0.07917690934806035
  ],
  "td_error_abs_T": [
    1576,
    11593,
    21614,
    31646,
    41648,
    51685
  ],
  "test_battle_won_mean": [
    0.0,
    0.0,
    0.0,
    0.0,
    0.0,
    0.0
  ],
  "test_battle_won_mean_T": [
    98,
    10099,
    20101,
    30104,
    40126,
    50130
  ],
  "test_ep_length_mean": [
    250.0,
    30.8125,
    26.875,
    24.9375,
    33.40625,
    27.875
  ],
  "test_ep_length_mean_T": [
    98,
    10099,
    20101,
    30104,
    40126,
    50130
  ],
  "test_return_mean": [
    {
      "dtype": "float64",
      "py/object": "numpy.float64",
      "value": 0.0
    },
    {
      "dtype": "float64",
      "py/object": "numpy.float64",
      "value": 3.6881250000000003
    },
    {
      "dtype": "float64",
      "py/object": "numpy.float64",
      "value": 4.053125000000001
    },
    {
      "dtype": "float64",
      "py/object": "numpy.float64",
      "value": 3.623125
    },
    {
      "dtype": "float64",
      "py/object": "numpy.float64",
      "value": 4.101796874999999
    },
    {
      "dtype": "float64",
      "py/object": "numpy.float64",
      "value": 3.824296874999999
    }
  ],
  "test_return_mean_T": [
    98,
    10099,
    20101,
    30104,
    40126,
    50130
  ],
  "test_return_std": [
    {
      "dtype": "float64",
      "py/object": "numpy.float64",
      "value": 0.0
    },
    {
      "dtype": "float64",
      "py/object": "numpy.float64",
      "value": 0.32464824714604573
    },
    {
      "dtype": "float64",
      "py/object": "numpy.float64",
      "value": 0.2989819967406063
    },
    {
      "dtype": "float64",
      "py/object": "numpy.float64",
      "value": 0.23286849158913714
    },
    {
      "dtype": "float64",
      "py/object": "numpy.float64",
      "value": 0.45864577936326184
    },
    {
      "dtype": "float64",
      "py/object": "numpy.float64",
      "value": 0.4821964048007133
    }
  ],
  "test_return_std_T": [
    98,
    10099,
    20101,
    30104,
    40126,
    50130
  ],
  "vdn extrinsic rewards": [
    0.06507931626992783,
    0.07103654221442847,
    0.060639436241121204,
    0.09225831432312302,
    0.10716681251283786,
    0.08720305578005268
  ],
  "vdn extrinsic rewards_T": [
    1576,
    11593,
    21614,
    31646,
    41648,
    51685
  ],
  "vdn grad_norm": [
    1.0032861232757568,
    0.038576629012823105,
    0.13648758828639984,
    0.3414143919944763,
    0.038906246423721313,
    0.10581018775701523
  ],
  "vdn grad_norm_T": [
    1576,
    11593,
    21614,
    31646,
    41648,
    51685
  ],
  "vdn hit_prob": [
    0.4543147087097168,
    0.4620155394077301,
    0.5208669304847717,
    0.455625981092453,
    0.4146267771720886,
    0.4597701132297516
  ],
  "vdn hit_prob_T": [
    1576,
    11593,
    21614,
    31646,
    41648,
    51685
  ],
  "vdn intrinsic rewards": [
    0.003256182380134079,
    0.0004594257503648929,
    0.0002693170376326178,
    0.0003385592470456228,
    0.00038056776724613913,
    0.00041160250075475467
  ],
  "vdn intrinsic rewards_T": [
    1576,
    11593,
    21614,
    31646,
    41648,
    51685
  ],