{
  "battle_won_mean": [
    0.0,
    0.0,
    0.0,
    0.0,
    0.0,
    0.0
  ],
  "battle_won_mean_T": [
    31,
    10053,
    20073,
    30104,
    40126,
    50137
  ],
  "curiosity_decay_cycle": [
    100000,
    100000,
    100000,
    100000,
    100000,
    100000
  ],
  "curiosity_decay_cycle_T": [
    1052,
    11061,
    21073,
    31082,
    41117,
    51141
  ],
  "curiosity_decay_rate": [
    0.9,
    0.9,
    0.9,
    0.9,
    0.9,
    0.9
  ],
  "curiosity_decay_rate_T": [
    1052,
    11061,
    21073,
    31082,
    41117,
    51141
  ],
  "curiosity_decay_stop": [
    0.0,
    0.0,
    0.0,
    0.0,
    0.0,
    0.0
  ],
  "curiosity_decay_stop_T": [
    1052,
    11061,
    21073,
    31082,
    41117,
    51141
  ],
  "curiosity_scale": [
    0.001,
    0.001,
    0.001,
    0.001,
    0.001,
    0.001
  ],
  "curiosity_scale_T": [
    1052,
    11061,
    21073,
    31082,
    41117,
    51141
  ],
  "emdqn_curr_capacity": [
    1084,
    11327,
    21469,
    31621,
    41818,
    52106
  ],
  "emdqn_curr_capacity_T": [
    1052,
    11061,
    21073,
    31082,
    41117,
    51141
  ],
  "emdqn_loss": [
    0.0,
    0.0,
    0.0,
    0.0,
    0.0,
    0.0
  ],
  "emdqn_loss_T": [
    1052,
    11061,
    21073,
    31082,
    41117,
    51141
  ],
  "emdqn_weight": [
    0.1,
    0.1,
    0.1,
    0.1,
    0.1,
    0.1
  ],
  "emdqn_weight_T": [
    1052,
    11061,
    21073,
    31082,
    41117,
    51141
  ],
  "ep_length_mean": [
    31.0,
    32.433656957928804,
    32.745098039215684,
    32.6742671009772,
    32.329032258064515,
    31.680379746835442
  ],
  "ep_length_mean_T": [
    31,
    10053,
    20073,
    30104,
    40126,
    50137
  ],
  "episode": [
    309,
    615,
    921,
    1231,
    1547
  ],
  "episode_T": [
    10024,
    20037,
    30040,
    40058,
    50072
  ],
  "epsilon": [
    1.0,
    0.809544,
    0.619297,
    0.4286320000000001,
    0.23819500000000005,
    0.05
  ],
  "epsilon_T": [
    31,
    10053,
    20073,
    30104,
    40126,
    50137
  ],
  "grad_norm": [
    3.709489345550537,
    0.4960400462150574,
    0.9679262042045593,
    1.3781899213790894,
    0.39157238602638245,
    0.42957693338394165
  ],
  "grad_norm_T": [
    1052,
    11061,
    21073,
    31082,
    41117,
    51141
  ],
  "loss": [
    0.3595932722091675,
    0.08844267576932907,
    0.12778910994529724,
    0.12906306982040405,
    0.09563770145177841,
    0.09365832805633545
  ],
  "loss_T": [
    1052,
    11061,
    21073,
    31082,
    41117,
    51141
  ],
  "num_circle": [
    1,
    1,
    1,
    1,
    1,
    1
  ],
  "num_circle_T": [
    31,
    10053,
    20073,
    30104,
    40126,
    50137
  ],
  "q_taken_mean": [
    0.30365889516620126,
    0.6335867542957405,
    1.0992709599590844,
    1.257368878620427,
    1.721630539340473,
    1.806587635112116
  ],
  "q_taken_mean_T": [
    1052,
    11061,
    21073,
    31082,
    41117,
    51141
  ],
  "return_mean": [
    {
      "dtype": "float64",
      "py/object": "numpy.float64",
      "value": 8.025552328530843
    },
    {
      "dtype": "float64",
      "py/object": "numpy.float64",
      "value": 9.065990852827644
    },
    {
      "dtype": "float64",
      "py/object": "numpy.float64",
      "value": 9.58349476746191
    },
    {
      "dtype": "float64",
      "py/object": "numpy.float64",
      "value": 10.299064571358509
    },
    {
      "dtype": "float64",
      "py/object": "numpy.float64",
      "value": 10.900997652486122
    },
    {
      "dtype": "float64",
      "py/object": "numpy.float64",
      "value": 10.301483069010203
    }
  ],
  "return_mean_T": [
    31,
    10053,
    20073,
    30104,
    40126,
    50137
  ],
  "return_std": [
    {
      "dtype": "float64",
      "py/object": "numpy.float64",
      "value": 0.0
    },
    {
      "dtype": "float64",
      "py/object": "numpy.float64",
      "value": 1.544000245003983
    },
    {
      "dtype": "float64",
      "py/object": "numpy.float64",
      "value": 1.5093796516975597
    },
    {
      "dtype": "float64",
      "py/object": "numpy.float64",
      "value": 1.5231574930081653
    },
    {
      "dtype": "float64",
      "py/object": "numpy.float64",
      "value": 1.6448955033712203
    },
    {
      "dtype": "float64",
      "py/object": "numpy.float64",
      "value": 1.7063818651188598
    }
  ],
  "return_std_T": [
    31,
    10053,
    20073,
    30104,
    40126,
    50137
  ],
  "target_mean": [
    0.5236215337600998,
    0.6492702487823693,
    1.0583907241386978,
    1.313001738757622,
    1.718492829397823,
    1.8012961471754212
  ],
  "target_mean_T": [
    1052,
    11061,
    21073,
    31082,
    41117,
    51141
  ],
  "td_error_abs": [
    0.47525389928781486,
    0.22129341708956013,
    0.2690248435091022,
    0.2677255323456555,
    0.23149234614568703,
    0.22472698412045497
  ],
  "td_error_abs_T": [
    1052,
    11061,
    21073,
    31082,
    41117,
    51141
  ],
  "test_battle_won_mean": [
    0.0,
    0.0,
    0.0,
    0.0,
    0.0,
    0.0
  ],
  "test_battle_won_mean_T": [
    31,
    10053,
    20073,
    30104,
    40126,
    50137
  ],
  "test_ep_length_mean": [
    30.34375,
    33.53125,
    34.84375,
    33.125,
    32.0,
    32.3125
  ],
  "test_ep_length_mean_T": [
    31,
    10053,
    20073,
    30104,
    40126,
    50137
  ],
  "test_return_mean": [
    {
      "dtype": "float64",
      "py/object": "numpy.float64",
      "value": 9.323528339336445
    },
    {
      "dtype": "float64",
      "py/object": "numpy.float64",
      "value": 12.353905516785462
    },
    {
      "dtype": "float64",
      "py/object": "numpy.float64",
      "value": 11.460132846584568
    },
    {
      "dtype": "float64",
      "py/object": "numpy.float64",
      "value": 13.11920909138469
    },
    {
      "dtype": "float64",
      "py/object": "numpy.float64",
      "value": 10.455267274534549
    },
    {
      "dtype": "float64",
      "py/object": "numpy.float64",
      "value": 11.015793936593191
    }
  ],
  "test_return_mean_T": [
    31,
    10053,
    20073,
    30104,
    40126,
    50137
  ],
  "test_return_std": [
    {
      "dtype": "float64",
      "py/object": "numpy.float64",
      "value": 0.9963385898697297
    },
    {
      "dtype": "float64",
      "py/object": "numpy.float64",
      "value": 0.9504036862676644
    },
    {
      "dtype": "float64",
      "py/object": "numpy.float64",
      "value": 1.7832865163855955
    },
    {
      "dtype": "float64",
      "py/object": "numpy.float64",
      "value": 1.0880063071902164
    },
    {
      "dtype": "float64",
      "py/object": "numpy.float64",
      "value": 1.492230098604255
    },
    {
      "dtype": "float64",
      "py/object": "numpy.float64",
      "value": 1.1628156163441752
    }
  ],
  "test_return_std_T": [
    31,
    10053,
    20073,
    30104,
    40126,
    50137
  ],
  "vdn extrinsic rewards": [
    0.2641365718478939,
    0.29079175064663,
    0.2935448778648304,
    0.29869944502667684,
    0.30901888157990987,
    0.31061795161902256
  ],
  "vdn extrinsic rewards_T": [
    1052,
    11061,
    21073,
    31082,
    41117,
    51141
  ],
  "vdn grad_norm": [
    0.8065348863601685,
    0.1938837468624115,
    0.30830734968185425,
    0.5457624197006226,
    0.8631393313407898,
    1.0514137744903564
  ],
  "vdn grad_norm_T": [
    1052,
    11061,
    21073,
    31082,
    41117,
    51141
  ],
  "vdn hit_prob": [
    0.1430608332157135,
    0.13843175768852234,
    0.16745731234550476,
    0.18878048658370972,
    0.2256554365158081,
    0.20465807616710663
  ],
  "vdn hit_prob_T": [
    1052,
    11061,
    21073,
    31082,
    41117,
    51141
  ],
  "vdn intrinsic rewards": [
    0.009034771429721847,
    0.0038874608618707646,
    0.005101402072797917,
    0.005572510696038967,
    0.0060762617918436,
    0.006211299726110029
  ],