{
  "battle_won_mean": [
    0.0,
    0.0,
    0.0,
    0.0,
    0.0,
    0.0,
    0.0,
    0.0
  ],
  "battle_won_mean_T": [
    40,
    10133,
    20252,
    30283,
    40296,
    50302,
    60330,
    70370
  ],
  "curiosity_decay_cycle": [
    100000,
    100000,
    100000,
    100000,
    100000,
    100000,
    100000
  ],
  "curiosity_decay_cycle_T": [
    1631,
    11660,
    21691,
    31693,
    41697,
    51702,
    61712
  ],
  "curiosity_decay_rate": [
    0.9,
    0.9,
    0.9,
    0.9,
    0.9,
    0.9,
    0.9
  ],
  "curiosity_decay_rate_T": [
    1631,
    11660,
    21691,
    31693,
    41697,
    51702,
    61712
  ],
  "curiosity_decay_stop": [
    0.0,
    0.0,
    0.0,
    0.0,
    0.0,
    0.0,
    0.0
  ],
  "curiosity_decay_stop_T": [
    1631,
    11660,
    21691,
    31693,
    41697,
    51702,
    61712
  ],
  "curiosity_scale": [
    0.001,
    0.001,
    0.001,
    0.001,
    0.001,
    0.001,
    0.001
  ],
  "curiosity_scale_T": [
    1631,
    11660,
    21691,
    31693,
    41697,
    51702,
    61712
  ],
  "emdqn_curr_capacity": [
    1663,
    11862,
    21878,
    31846,
    41506,
    50724,
    59933
  ],
  "emdqn_curr_capacity_T": [
    1631,
    11660,
    21691,
    31693,
    41697,
    51702,
    61712
  ],
  "emdqn_loss": [
    0.0,
    0.0,
    0.0,
    0.0,
    0.0,
    0.0,
    0.0
  ],
  "emdqn_loss_T": [
    1631,
    11660,
    21691,
    31693,
    41697,
    51702,
    61712
  ],
  "emdqn_weight": [
    0.1,
    0.1,
    0.1,
    0.1,
    0.1,
    0.1,
    0.1
  ],
  "emdqn_weight_T": [
    1631,
    11660,
    21691,
    31693,
    41697,
    51702,
    61712
  ],
  "ep_length_mean": [
    40.0,
    56.70224719101124,
    58.83139534883721,
    59.00588235294118,
    31.787301587301588,
    27.043243243243243,
    27.32425068119891,
    31.375
  ],
  "ep_length_mean_T": [
    40,
    10133,
    20252,
    30283,
    40296,
    50302,
    60330,
    70370
  ],
  "episode": [
    179,
    351,
    521,
    836,
    1206,
    1573
  ],
  "episode_T": [
    10133,
    20252,
    30283,
    40296,
    50302,
    60330
  ],
  "epsilon": [
    1.0,
    0.812223,
    0.6199620000000001,
    0.42525,
    0.23490800000000012,
    0.05,
    0.05,
    0.05
  ],
  "epsilon_T": [
    40,
    10133,
    20252,
    30283,
    40296,
    50302,
    60330,
    70370
  ],
  "grad_norm": [
    1.045609951019287,
    0.1253041923046112,
    0.18274374306201935,
    0.15912358462810516,
    0.15524104237556458,
    0.528674840927124,
    0.12224974483251572
  ],
  "grad_norm_T": [
    1631,
    11660,
    21691,
    31693,
    41697,
    51702,
    61712
  ],
  "individual_reward": [
    -0.0024112798479128147,
    -6.58802233303471e-06,
    6.544965055276259e-06,
    -1.8015356351870378e-06,
    6.585729758753933e-07,
    4.3446605462263744e-05,
    0.00035072743892669675
  ],
  "individual_reward_T": [
    1631,
    11660,
    21691,
    31693,
    41697,
    51702,
    61712
  ],
  "loss": [
    0.05318531021475792,
    0.017679359763860703,
    0.014230857603251934,
    0.012292129918932915,
    0.01645398512482643,
    0.017311442643404007,
    0.01261200662702322
  ],
  "loss_T": [
    1631,
    11660,
    21691,
    31693,
    41697,
    51702,
    61712
  ],
  "num_circle": [
    1,
    1,
    1,
    1,
    1,
    1,
    1
  ],
  "num_circle_T": [
    40,
    10133,
    20252,
    30283,
    40296,
    50302,
    60330
  ],
  "pred_total_reward": [
    -2.4216730713040313,
    0.07036387957890429,
    0.06369289706909663,
    0.05836282893477086,
    0.07036119854429565,
    0.09295886745038932,
    0.28949078369140624
  ],
  "pred_total_reward_T": [
    1631,
    11660,
    21691,
    31693,
    41697,
    51702,
    61712
  ],
  "q_taken_mean": [
    0.15573285397346975,
    0.21533192882053703,
    0.21116607383925204,
    0.22158545778508773,
    0.39979525896113155,
    0.4222252473740957,
    0.5193424479166666
  ],
  "q_taken_mean_T": [
    1631,
    11660,
    21691,
    31693,
    41697,
    51702,
    61712
  ],
  "return_mean": [
    {
      "dtype": "float64",
      "py/object": "numpy.float64",
      "value": 3.8800000000000003
    },
    {
      "dtype": "float64",
      "py/object": "numpy.float64",
      "value": 3.3829073033707866
    },
    {
      "dtype": "float64",
      "py/object": "numpy.float64",
      "value": 3.45640988372093
    },
    {
      "dtype": "float64",
      "py/object": "numpy.float64",
      "value": 3.575602941176471
    },
    {
      "dtype": "float64",
      "py/object": "numpy.float64",
      "value": 3.4769444444444444
    },
    {
      "dtype": "float64",
      "py/object": "numpy.float64",
      "value": 3.541439189189189
    },
    {
      "dtype": "float64",
      "py/object": "numpy.float64",
      "value": 3.7047820163487737
    },
    {
      "dtype": "float64",
      "py/object": "numpy.float64",
      "value": 3.9219296874999996
    }
  ],
  "return_mean_T": [
    40,
    10133,
    20252,
    30283,
    40296,
    50302,
    60330,
    70370
  ],
  "return_std": [
    {
      "dtype": "float64",
      "py/object": "numpy.float64",
      "value": 0.0
    },
    {
      "dtype": "float64",
      "py/object": "numpy.float64",
      "value": 0.5610281703982151
    },
    {
      "dtype": "float64",
      "py/object": "numpy.float64",
      "value": 0.5336748114526823
    },
    {
      "dtype": "float64",
      "py/object": "numpy.float64",
      "value": 0.4582518377006853
    },
    {
      "dtype": "float64",
      "py/object": "numpy.float64",
      "value": 0.36117951733033954
    },
    {
      "dtype": "float64",
      "py/object": "numpy.float64",
      "value": 0.3120334999416394
    },
    {
      "dtype": "float64",
      "py/object": "numpy.float64",
      "value": 0.28051648094159815
    },
    {
      "dtype": "float64",
      "py/object": "numpy.float64",
      "value": 0.3571699839010862
    }
  ],
  "return_std_T": [
    40,
    10133,
    20252,
    30283,
    40296,
    50302,
    60330,
    70370
  ],
  "rewardnet_loss": [
    2.022799253463745,
    0.003427710384130478,
    0.0025867363438010216,
    0.0025703441351652145,
    0.0056177182123064995,
    0.0024823590647429228,
    0.030273916199803352
  ],
  "rewardnet_loss_T": [
    1631,
    11660,
    21691,
    31693,
    41697,
    51702,
    61712
  ],
  "target_mean": [
    0.20366308982937997,
    0.2210986563712765,
    0.20459679814244955,
    0.21366558462063553,
    0.39375062762898977,
    0.44401659830185725,
    0.5240289713541667
  ],
  "target_mean_T": [
    1631,
    11660,
    21691,
    31693,
    41697,
    51702,
    61712
  ],
  "td_error_abs": [
    0.16496010224268087,
    0.09099275890275921,
    0.08503798272694715,
    0.07356573209181905,
    0.09611829893221269,
    0.09765698237092746,
    0.08348735046386718
  ],
  "td_error_abs_T": [
    1631,
    11660,
    21691,
    31693,
    41697,
    51702,
    61712
  ],
  "test_battle_won_mean": [
    0.0,
    0.0,
    0.0,
    0.0,
    0.0,
    0.0,
    0.0
  ],
  "test_battle_won_mean_T": [
    40,
    10133,
    20252,
    30283,
    40296,
    50302,
    60330
  ],
  "test_ep_length_mean": [
    104.0,
    93.53125,
    236.1875,
    27.34375,
    25.25,
    25.34375,
    27.375
  ],
  "test_ep_length_mean_T": [
    40,
    10133,
    20252,
    30283,
    40296,
    50302,
    60330
  ],
  "test_return_mean": [
    {
      "dtype": "float64",
      "py/object": "numpy.float64",
      "value": 1.1443750000000001
    },
    {
      "dtype": "float64",
      "py/object": "numpy.float64",
      "value": 3.903203125
    },
    {
      "dtype": "float64",
      "py/object": "numpy.float64",
      "value": 3.957109375
    },
    {
      "dtype": "float64",
      "py/object": "numpy.float64",
      "value": 3.723750000000001
    },
    {
      "dtype": "float64",
      "py/object": "numpy.float64",
      "value": 3.388984375
    },
    {
      "dtype": "float64",
      "py/object": "numpy.float64",