{
  "battle_won_mean": [
    0.0,
    0.0,
    0.0,
    0.0,
    0.0,
    0.0,
    0.0
  ],
  "battle_won_mean_T": [
    29,
    10034,
    20059,
    30074,
    40085,
    50092,
    60120
  ],
  "curiosity_decay_cycle": [
    100000,
    100000,
    100000,
    100000,
    100000,
    100000
  ],
  "curiosity_decay_cycle_T": [
    1037,
    11050,
    21066,
    31075,
    41083,
    51085
  ],
  "curiosity_decay_rate": [
    0.9,
    0.9,
    0.9,
    0.9,
    0.9,
    0.9
  ],
  "curiosity_decay_rate_T": [
    1037,
    11050,
    21066,
    31075,
    41083,
    51085
  ],
  "curiosity_decay_stop": [
    0.0,
    0.0,
    0.0,
    0.0,
    0.0,
    0.0
  ],
  "curiosity_decay_stop_T": [
    1037,
    11050,
    21066,
    31075,
    41083,
    51085
  ],
  "curiosity_scale": [
    0.001,
    0.001,
    0.001,
    0.001,
    0.001,
    0.001
  ],
  "curiosity_scale_T": [
    1037,
    11050,
    21066,
    31075,
    41083,
    51085
  ],
  "emdqn_curr_capacity": [
    1069,
    11308,
    21436,
    31568,
    41786,
    52074
  ],
  "emdqn_curr_capacity_T": [
    1037,
    11050,
    21066,
    31075,
    41083,
    51085
  ],
  "emdqn_loss": [
    0.0,
    0.0,
    0.0,
    0.0,
    0.0,
    0.0
  ],
  "emdqn_loss_T": [
    1037,
    11050,
    21066,
    31075,
    41083,
    51085
  ],
  "emdqn_weight": [
    0.1,
    0.1,
    0.1,
    0.1,
    0.1,
    0.1
  ],
  "emdqn_weight_T": [
    1037,
    11050,
    21066,
    31075,
    41083,
    51085
  ],
  "ep_length_mean": [
    29.0,
    32.58957654723127,
    32.65472312703583,
    32.51623376623377,
    31.984025559105433,
    30.60244648318043,
    31.046439628482972
  ],
  "ep_length_mean_T": [
    29,
    10034,
    20059,
    30074,
    40085,
    50092,
    60120
  ],
  "episode": [
    308,
    615,
    923,
    1236,
    1563
  ],
  "episode_T": [
    10034,
    20059,
    30074,
    40085,
    50092
  ],
  "epsilon": [
    1.0,
    0.810019,
    0.6194680000000001,
    0.4291450000000001,
    0.23899300000000012,
    0.05,
    0.05
  ],
  "epsilon_T": [
    29,
    10034,
    20059,
    30074,
    40085,
    50092,
    60120
  ],
  "grad_norm": [
    2.4651918411254883,
    0.42747971415519714,
    0.6621769070625305,
    0.6957591772079468,
    0.48316463828086853,
    2.0987656116485596
  ],
  "grad_norm_T": [
    1037,
    11050,
    21066,
    31075,
    41083,
    51085
  ],
  "individual_reward": [
    0.0004954054132606852,
    9.8142395087328e-05,
    0.00044549884720378977,
    0.00040279690812273724,
    7.977400759914862e-05,
    0.0003147790557704866
  ],
  "individual_reward_T": [
    1037,
    11050,
    21066,
    31075,
    41083,
    51085
  ],
  "loss": [
    0.2863299250602722,
    0.09232037514448166,
    0.1285892128944397,
    0.1143546998500824,
    0.10104043781757355,
    0.10604146867990494
  ],
  "loss_T": [
    1037,
    11050,
    21066,
    31075,
    41083,
    51085
  ],
  "num_circle": [
    1,
    1,
    1,
    1,
    1,
    1
  ],
  "num_circle_T": [
    29,
    10034,
    20059,
    30074,
    40085,
    50092
  ],
  "pred_total_reward": [
    0.4929667135328773,
    0.08322185498278288,
    0.38859508101492674,
    0.3667987804878049,
    0.08710983834799627,
    0.27488067746162415
  ],
  "pred_total_reward_T": [
    1037,
    11050,
    21066,
    31075,
    41083,
    51085
  ],
  "q_taken_mean": [
    0.3610390467262084,
    0.7141245186611375,
    1.1256359293538978,
    1.307619569359756,
    1.5958127588711672,
    1.9125663042068481
  ],
  "q_taken_mean_T": [
    1037,
    11050,
    21066,
    31075,
    41083,
    51085
  ],
  "return_mean": [
    {
      "dtype": "float64",
      "py/object": "numpy.float64",
      "value": 7.929624086850648
    },
    {
      "dtype": "float64",
      "py/object": "numpy.float64",
      "value": 9.015089427412724
    },
    {
      "dtype": "float64",
      "py/object": "numpy.float64",
      "value": 9.618529782863462
    },
    {
      "dtype": "float64",
      "py/object": "numpy.float64",
      "value": 9.897190916898138
    },
    {
      "dtype": "float64",
      "py/object": "numpy.float64",
      "value": 10.322616119403758
    },
    {
      "dtype": "float64",
      "py/object": "numpy.float64",
      "value": 9.908373962351437
    },
    {
      "dtype": "float64",
      "py/object": "numpy.float64",
      "value": 10.174587394392566
    }
  ],
  "return_mean_T": [
    29,
    10034,
    20059,
    30074,
    40085,
    50092,
    60120
  ],
  "return_std": [
    {
      "dtype": "float64",
      "py/object": "numpy.float64",
      "value": 0.0
    },
    {
      "dtype": "float64",
      "py/object": "numpy.float64",
      "value": 1.5087571738344339
    },
    {
      "dtype": "float64",
      "py/object": "numpy.float64",
      "value": 1.6539095940430129
    },
    {
      "dtype": "float64",
      "py/object": "numpy.float64",
      "value": 1.5646524891881715
    },
    {
      "dtype": "float64",
      "py/object": "numpy.float64",
      "value": 1.566503435762593
    },
    {
      "dtype": "float64",
      "py/object": "numpy.float64",
      "value": 1.594678392356248
    },
    {
      "dtype": "float64",
      "py/object": "numpy.float64",
      "value": 1.2519351161720145
    }
  ],
  "return_std_T": [
    29,
    10034,
    20059,
    30074,
    40085,
    50092,
    60120
  ],
  "rewardnet_loss": [
    0.2827300429344177,
    0.11591197550296783,
    0.09896771609783173,
    0.08248092979192734,
    0.11204921454191208,
    0.06470392644405365
  ],
  "rewardnet_loss_T": [
    1037,
    11050,
    21066,
    31075,
    41083,
    51085
  ],
  "target_mean": [
    0.5391784491396456,
    0.7305387524066943,
    1.1420237778907025,
    1.2940946551067074,
    1.5922858807028932,
    1.8428068161010742
  ],
  "target_mean_T": [
    1037,
    11050,
    21066,
    31075,
    41083,
    51085
  ],
  "td_error_abs": [
    0.39592057966565214,
    0.22282431362929503,
    0.2582300483529357,
    0.2559328256002287,
    0.23439806175043273,
    0.24562513828277588
  ],
  "td_error_abs_T": [
    1037,
    11050,
    21066,
    31075,
    41083,
    51085
  ],
  "test_battle_won_mean": [
    0.0,
    0.0,
    0.0,
    0.0,
    0.0,
    0.0
  ],
  "test_battle_won_mean_T": [
    29,
    10034,
    20059,
    30074,
    40085,
    50092
  ],
  "test_ep_length_mean": [
    38.34375,
    33.375,
    33.21875,
    32.90625,
    32.125,
    30.15625
  ],
  "test_ep_length_mean_T": [
    29,
    10034,
    20059,
    30074,
    40085,
    50092
  ],
  "test_return_mean": [
    {
      "dtype": "float64",
      "py/object": "numpy.float64",
      "value": 13.527070082627334
    },
    {
      "dtype": "float64",
      "py/object": "numpy.float64",
      "value": 10.748116629464285
    },
    {
      "dtype": "float64",
      "py/object": "numpy.float64",
      "value": 12.336151816628195
    },
    {
      "dtype": "float64",
      "py/object": "numpy.float64",
      "value": 11.882607596261161
    },
    {
      "dtype": "float64",
      "py/object": "numpy.float64",
      "value": 10.580963531097808
    },
    {
      "dtype": "float64",
      "py/object": "numpy.float64",
      "value": 9.505930318460837
    }
  ],
  "test_return_mean_T": [
    29,
    10034,
    20059,
    30074,
    40085,
    50092
  ],
  "test_return_std": [
    {
      "dtype": "float64",
      "py/object": "numpy.float64",
      "value": 1.1225559190109633
    },
    {
      "dtype": "float64",
      "py/object": "numpy.float64",
      "value": 1.629085717053528
    },
    {
      "dtype": "float64",
      "py/object": "numpy.float64",
      "value": 0.9018663928116674
    },
    {
      "dtype": "float64",
      "py/object": "numpy.float64",
      "value": 1.3133805035447033
    },
    {
      "dtype": "float64",
      "py/object": "numpy.float64",
      "value": 1.8301967934818142
    },
    {
      "dtype": "float64",
      "py/object": "numpy.float64",
      "value": 1.172740202866312
    }
  ],