{
  "battle_won_mean": [
    0.0,
    0.0,
    0.0,
    0.0,
    0.0,
    0.0
  ],
  "battle_won_mean_T": [
    50,
    10082,
    20091,
    30094,
    40121,
    50129
  ],
  "curiosity_decay_cycle": [
    100000,
    100000,
    100000,
    100000,
    100000,
    100000
  ],
  "curiosity_decay_cycle_T": [
    1619,
    11732,
    21751,
    31772,
    41797,
    51815
  ],
  "curiosity_decay_rate": [
    0.9,
    0.9,
    0.9,
    0.9,
    0.9,
    0.9
  ],
  "curiosity_decay_rate_T": [
    1619,
    11732,
    21751,
    31772,
    41797,
    51815
  ],
  "curiosity_decay_stop": [
    0.0,
    0.0,
    0.0,
    0.0,
    0.0,
    0.0
  ],
  "curiosity_decay_stop_T": [
    1619,
    11732,
    21751,
    31772,
    41797,
    51815
  ],
  "curiosity_scale": [
    0.001,
    0.001,
    0.001,
    0.001,
    0.001,
    0.001
  ],
  "curiosity_scale_T": [
    1619,
    11732,
    21751,
    31772,
    41797,
    51815
  ],
  "emdqn_curr_capacity": [
    1651,
    11926,
    21931,
    31841,
    41481,
    50682
  ],
  "emdqn_curr_capacity_T": [
    1619,
    11732,
    21751,
    31772,
    41797,
    51815
  ],
  "emdqn_loss": [
    0.0,
    0.0,
    0.0,
    0.0,
    0.0,
    0.0
  ],
  "emdqn_loss_T": [
    1619,
    11732,
    21751,
    31772,
    41797,
    51815
  ],
  "emdqn_weight": [
    0.1,
    0.1,
    0.1,
    0.1,
    0.1,
    0.1
  ],
  "emdqn_weight_T": [
    1619,
    11732,
    21751,
    31772,
    41797,
    51815
  ],
  "ep_length_mean": [
    50.0,
    47.098591549295776,
    38.64478764478765,
    33.343333333333334,
    28.979768786127167,
    26.975741239892184
  ],
  "ep_length_mean_T": [
    50,
    10082,
    20091,
    30094,
    40121,
    50129
  ],
  "episode": [
    213,
    472,
    772,
    1117,
    1488
  ],
  "episode_T": [
    10044,
    20058,
    30063,
    40063,
    50079
  ],
  "epsilon": [
    1.0,
    0.809164,
    0.6188980000000001,
    0.42880300000000005,
    0.23827100000000012,
    0.05
  ],
  "epsilon_T": [
    50,
    10082,
    20091,
    30094,
    40121,
    50129
  ],
  "grad_norm": [
    0.7991354465484619,
    0.18342739343643188,
    0.12649881839752197,
    0.053079754114151,
    0.1364455223083496,
    0.11333467811346054
  ],
  "grad_norm_T": [
    1619,
    11732,
    21751,
    31772,
    41797,
    51815
  ],
  "loss": [
    0.045262470841407776,
    0.021616587415337563,
    0.015835870057344437,
    0.012885014526546001,
    0.01331173162907362,
    0.012951758690178394
  ],
  "loss_T": [
    1619,
    11732,
    21751,
    31772,
    41797,
    51815
  ],
  "num_circle": [
    1,
    1,
    1,
    1,
    1,
    1
  ],
  "num_circle_T": [
    50,
    10082,
    20091,
    30094,
    40121,
    50129
  ],
  "q_taken_mean": [
    0.11638517106833565,
    0.21806552564326803,
    0.2081947962845683,
    0.28008544921875,
    0.35939132767066484,
    0.5113301904875212
  ],
  "q_taken_mean_T": [
    1619,
    11732,
    21751,
    31772,
    41797,
    51815
  ],
  "return_mean": [
    {
      "dtype": "float64",
      "py/object": "numpy.float64",
      "value": 3.14
    },
    {
      "dtype": "float64",
      "py/object": "numpy.float64",
      "value": 3.3879342723004693
    },
    {
      "dtype": "float64",
      "py/object": "numpy.float64",
      "value": 3.545511583011583
    },
    {
      "dtype": "float64",
      "py/object": "numpy.float64",
      "value": 3.63965
    },
    {
      "dtype": "float64",
      "py/object": "numpy.float64",
      "value": 3.6636343930635835
    },
    {
      "dtype": "float64",
      "py/object": "numpy.float64",
      "value": 3.6816172506738547
    }
  ],
  "return_mean_T": [
    50,
    10082,
    20091,
    30094,
    40121,
    50129
  ],
  "return_std": [
    {
      "dtype": "float64",
      "py/object": "numpy.float64",
      "value": 0.0
    },
    {
      "dtype": "float64",
      "py/object": "numpy.float64",
      "value": 0.5541757449070193
    },
    {
      "dtype": "float64",
      "py/object": "numpy.float64",
      "value": 0.4539999764651012
    },
    {
      "dtype": "float64",
      "py/object": "numpy.float64",
      "value": 0.4264020041775912
    },
    {
      "dtype": "float64",
      "py/object": "numpy.float64",
      "value": 0.3501044373527868
    },
    {
      "dtype": "float64",
      "py/object": "numpy.float64",
      "value": 0.28576140618662366
    }
  ],
  "return_std_T": [
    50,
    10082,
    20091,
    30094,
    40121,
    50129
  ],
  "target_mean": [
    0.15852007552726735,
    0.22643929097189833,
    0.21332975085183792,
    0.2817587890625,
    0.35363966366805444,
    0.5143023857207064
  ],
  "target_mean_T": [
    1619,
    11732,
    21751,
    31772,
    41797,
    51815
  ],
  "td_error_abs": [
    0.15523140278769687,
    0.10336082800110774,
    0.08425139897680493,
    0.07687844340006511,
    0.08406255663055734,
    0.08686075743079791
  ],
  "td_error_abs_T": [
    1619,
    11732,
    21751,
    31772,
    41797,
    51815
  ],
  "test_battle_won_mean": [
    0.0,
    0.0,
    0.0,
    0.0,
    0.0,
    0.0
  ],
  "test_battle_won_mean_T": [
    50,
    10082,
    20091,
    30094,
    40121,
    50129
  ],
  "test_ep_length_mean": [
    250.0,
    30.125,
    29.65625,
    25.65625,
    25.6875,
    24.34375
  ],
  "test_ep_length_mean_T": [
    50,
    10082,
    20091,
    30094,
    40121,
    50129
  ],
  "test_return_mean": [
    {
      "dtype": "float64",
      "py/object": "numpy.float64",
      "value": 0.0
    },
    {
      "dtype": "float64",
      "py/object": "numpy.float64",
      "value": 3.85359375
    },
    {
      "dtype": "float64",
      "py/object": "numpy.float64",
      "value": 3.424374999999999
    },
    {
      "dtype": "float64",
      "py/object": "numpy.float64",
      "value": 3.5560156249999997
    },
    {
      "dtype": "float64",
      "py/object": "numpy.float64",
      "value": 3.659140625000001
    },
    {
      "dtype": "float64",
      "py/object": "numpy.float64",
      "value": 3.75640625
    }
  ],
  "test_return_mean_T": [
    50,
    10082,
    20091,
    30094,
    40121,
    50129
  ],
  "test_return_std": [
    {
      "dtype": "float64",
      "py/object": "numpy.float64",
      "value": 0.0
    },
    {
      "dtype": "float64",
      "py/object": "numpy.float64",
      "value": 0.25460212334334054
    },
    {
      "dtype": "float64",
      "py/object": "numpy.float64",
      "value": 0.22725175329356623
    },
    {
      "dtype": "float64",
      "py/object": "numpy.float64",
      "value": 0.21002683922146553
    },
    {
      "dtype": "float64",
      "py/object": "numpy.float64",
      "value": 0.15780923186591253
    },
    {
      "dtype": "float64",
      "py/object": "numpy.float64",
      "value": 0.1968927943347279
    }
  ],
  "test_return_std_T": [
    50,
    10082,
    20091,
    30094,
    40121,
    50129
  ],
  "vdn extrinsic rewards": [
    0.06535824262631977,
    0.08058021887024837,
    0.0714011986547063,
    0.07498332722981771,
    0.08885209811858767,
    0.11575380121995955
  ],
  "vdn extrinsic rewards_T": [
    1619,
    11732,
    21751,
    31772,
    41797,
    51815
  ],
  "vdn grad_norm": [
    1.2247637510299683,
    0.03602512925863266,
    0.08449596166610718,
    0.43228670954704285,
    0.06306280195713043,
    0.16295874118804932
  ],
  "vdn grad_norm_T": [
    1619,
    11732,
    21751,
    31772,
    41797,
    51815
  ],
  "vdn hit_prob": [
    0.4529545307159424,
    0.3997512459754944,
    0.48195064067840576,
    0.4977777898311615,
    0.4713190495967865,
    0.3898477256298065
  ],
  "vdn hit_prob_T": [
    1619,
    11732,
    21751,
    31772,
    41797,
    51815
  ],
  "vdn intrinsic rewards": [
    0.0036161468675506197,
    0.00039289460253359666,
    0.00027683945378598874,
    0.0003206906318664551,
    0.0003651430879104336,
    0.0004412300090499336
  ],
  "vdn intrinsic rewards_T": [
    1619,
    11732,
    21751,
    31772,
    41797,
    51815
  ],