{
  "battle_won_mean": [
    0.0,
    0.0,
    0.0,
    0.0,
    0.0,
    0.0
  ],
  "battle_won_mean_T": [
    40,
    10273,
    20403,
    30426,
    40454,
    50478
  ],
  "curiosity_decay_cycle": [
    100000,
    100000,
    100000,
    100000,
    100000,
    100000
  ],
  "curiosity_decay_cycle_T": [
    1470,
    11656,
    21686,
    31711,
    41731,
    51753
  ],
  "curiosity_decay_rate": [
    0.9,
    0.9,
    0.9,
    0.9,
    0.9,
    0.9
  ],
  "curiosity_decay_rate_T": [
    1470,
    11656,
    21686,
    31711,
    41731,
    51753
  ],
  "curiosity_decay_stop": [
    0.0,
    0.0,
    0.0,
    0.0,
    0.0,
    0.0
  ],
  "curiosity_decay_stop_T": [
    1470,
    11656,
    21686,
    31711,
    41731,
    51753
  ],
  "curiosity_scale": [
    0.001,
    0.001,
    0.001,
    0.001,
    0.001,
    0.001
  ],
  "curiosity_scale_T": [
    1470,
    11656,
    21686,
    31711,
    41731,
    51753
  ],
  "emdqn_curr_capacity": [
    1502,
    11841,
    21810,
    31629,
    41165,
    50362
  ],
  "emdqn_curr_capacity_T": [
    1470,
    11656,
    21686,
    31711,
    41731,
    51753
  ],
  "emdqn_loss": [
    0.0,
    0.0,
    0.0,
    0.0,
    0.0,
    0.0
  ],
  "emdqn_loss_T": [
    1470,
    11656,
    21686,
    31711,
    41731,
    51753
  ],
  "emdqn_weight": [
    0.1,
    0.1,
    0.1,
    0.1,
    0.1,
    0.1
  ],
  "emdqn_weight_T": [
    1470,
    11656,
    21686,
    31711,
    41731,
    51753
  ],
  "ep_length_mean": [
    40.0,
    45.48,
    37.38007380073801,
    30.84,
    28.011173184357542,
    26.873994638069703
  ],
  "ep_length_mean_T": [
    40,
    10273,
    20403,
    30426,
    40454,
    50478
  ],
  "episode": [
    225,
    492,
    808,
    1165,
    1537
  ],
  "episode_T": [
    10023,
    20025,
    30028,
    40037,
    50057
  ],
  "epsilon": [
    1.0,
    0.809563,
    0.6170930000000001,
    0.4224760000000001,
    0.23194400000000015,
    0.05
  ],
  "epsilon_T": [
    40,
    10273,
    20403,
    30426,
    40454,
    50478
  ],
  "grad_norm": [
    1.0761250257492065,
    0.593674898147583,
    0.3343854248523712,
    1.1311792135238647,
    0.09959212690591812,
    0.2350027859210968
  ],
  "grad_norm_T": [
    1470,
    11656,
    21686,
    31711,
    41731,
    51753
  ],
  "individual_reward": [
    0.0006272393829968511,
    3.596325851466558e-05,
    7.559023626365487e-05,
    8.503074686114605e-05,
    4.1673767892335424e-05,
    0.0001082831181569627
  ],
  "individual_reward_T": [
    1470,
    11656,
    21686,
    31711,
    41731,
    51753
  ],
  "loss": [
    0.06511911004781723,
    0.033561430871486664,
    0.02308104746043682,
    0.0435996875166893,
    0.01587752439081669,
    0.014534229412674904
  ],
  "loss_T": [
    1470,
    11656,
    21686,
    31711,
    41731,
    51753
  ],
  "num_circle": [
    1,
    1,
    1,
    1,
    1,
    1
  ],
  "num_circle_T": [
    40,
    10273,
    20403,
    30426,
    40454,
    50478
  ],
  "pred_total_reward": [
    0.6188577042144983,
    0.07087470276715005,
    0.12000614651129403,
    0.10931502122145433,
    0.08388142869961972,
    0.13946874126177805
  ],
  "pred_total_reward_T": [
    1470,
    11656,
    21686,
    31711,
    41731,
    51753
  ],
  "q_taken_mean": [
    0.061188422309027775,
    0.1515196360409532,
    0.16944583816878828,
    0.4359285403520633,
    0.3997149941147558,
    0.5477876146031047
  ],
  "q_taken_mean_T": [
    1470,
    11656,
    21686,
    31711,
    41731,
    51753
  ],
  "return_mean": [
    {
      "dtype": "float64",
      "py/object": "numpy.float64",
      "value": 3.252500000000001
    },
    {
      "dtype": "float64",
      "py/object": "numpy.float64",
      "value": 3.406166666666667
    },
    {
      "dtype": "float64",
      "py/object": "numpy.float64",
      "value": 3.531328413284133
    },
    {
      "dtype": "float64",
      "py/object": "numpy.float64",
      "value": 3.624123076923077
    },
    {
      "dtype": "float64",
      "py/object": "numpy.float64",
      "value": 3.550754189944134
    },
    {
      "dtype": "float64",
      "py/object": "numpy.float64",
      "value": 3.691400804289544
    }
  ],
  "return_mean_T": [
    40,
    10273,
    20403,
    30426,
    40454,
    50478
  ],
  "return_std": [
    {
      "dtype": "float64",
      "py/object": "numpy.float64",
      "value": 0.0
    },
    {
      "dtype": "float64",
      "py/object": "numpy.float64",
      "value": 0.6185625810430712
    },
    {
      "dtype": "float64",
      "py/object": "numpy.float64",
      "value": 0.44209778255526977
    },
    {
      "dtype": "float64",
      "py/object": "numpy.float64",
      "value": 0.3700108109727152
    },
    {
      "dtype": "float64",
      "py/object": "numpy.float64",
      "value": 0.3231577950895461
    },
    {
      "dtype": "float64",
      "py/object": "numpy.float64",
      "value": 0.30610455436518175
    }
  ],
  "return_std_T": [
    40,
    10273,
    20403,
    30426,
    40454,
    50478
  ],
  "rewardnet_loss": [
    0.34832891821861267,
    0.0030146650969982147,
    0.003033928107470274,
    0.015069521963596344,
    0.0023222123272717,
    0.013977295719087124
  ],
  "rewardnet_loss_T": [
    1470,
    11656,
    21686,
    31711,
    41731,
    51753
  ],
  "target_mean": [
    0.11367813075751133,
    0.12269572776202198,
    0.18598050813154032,
    0.39334032107622197,
    0.3972589017013314,
    0.5403845311935105
  ],
  "target_mean_T": [
    1470,
    11656,
    21686,
    31711,
    41731,
    51753
  ],
  "td_error_abs": [
    0.18737269810267856,
    0.13868362217733304,
    0.10826863264051732,
    0.15844529958871695,
    0.09399571955598743,
    0.09188497712969004
  ],
  "td_error_abs_T": [
    1470,
    11656,
    21686,
    31711,
    41731,
    51753
  ],
  "test_battle_won_mean": [
    0.0,
    0.0,
    0.0,
    0.0,
    0.0,
    0.0
  ],
  "test_battle_won_mean_T": [
    40,
    10273,
    20403,
    30426,
    40454,
    50478
  ],
  "test_ep_length_mean": [
    222.25,
    25.3125,
    25.625,
    25.625,
    25.3125,
    25.46875
  ],
  "test_ep_length_mean_T": [
    40,
    10273,
    20403,
    30426,
    40454,
    50478
  ],
  "test_return_mean": [
    {
      "dtype": "float64",
      "py/object": "numpy.float64",
      "value": 3.041875
    },
    {
      "dtype": "float64",
      "py/object": "numpy.float64",
      "value": 3.3185937500000007
    },
    {
      "dtype": "float64",
      "py/object": "numpy.float64",
      "value": 3.6006250000000004
    },
    {
      "dtype": "float64",
      "py/object": "numpy.float64",
      "value": 3.548984375
    },
    {
      "dtype": "float64",
      "py/object": "numpy.float64",
      "value": 3.572265625
    },
    {
      "dtype": "float64",
      "py/object": "numpy.float64",
      "value": 3.693828125
    }
  ],
  "test_return_mean_T": [
    40,
    10273,
    20403,
    30426,
    40454,
    50478
  ],
  "test_return_std": [
    {
      "dtype": "float64",
      "py/object": "numpy.float64",
      "value": 0.22882085651225023
    },
    {
      "dtype": "float64",
      "py/object": "numpy.float64",
      "value": 0.1387119000336218
    },
    {
      "dtype": "float64",
      "py/object": "numpy.float64",
      "value": 0.1312901724235291
    },
    {
      "dtype": "float64",
      "py/object": "numpy.float64",
      "value": 0.21455792066097068
    },
    {
      "dtype": "float64",
      "py/object": "numpy.float64",
      "value": 0.19993002621132072
    },
    {
      "dtype": "float64",
      "py/object": "numpy.float64",
      "value": 0.2721377928026249
    }
  ],
  "test_return_std_T": [
    40,
    10273,
    20403,
    30426,
    40454,
    50478
  ],
  "vdn extrinsic rewards": [
    0.07253231126434949,
    0.07493834822145228,
    0.08025076195803024,
    0.10960817337036133,
    0.09304635256331488,
    0.12158079830012455
  ],