{
  "battle_won_mean": [
    0.0,
    0.0,
    0.0,
    0.0,
    0.0,
    0.0
  ],
  "battle_won_mean_T": [
    44,
    10091,
    20115,
    30126,
    40143,
    50167
  ],
  "curiosity_decay_cycle": [
    100000,
    100000,
    100000,
    100000,
    100000,
    100000
  ],
  "curiosity_decay_cycle_T": [
    1315,
    11335,
    21342,
    31356,
    41386,
    51422
  ],
  "curiosity_decay_rate": [
    0.9,
    0.9,
    0.9,
    0.9,
    0.9,
    0.9
  ],
  "curiosity_decay_rate_T": [
    1315,
    11335,
    21342,
    31356,
    41386,
    51422
  ],
  "curiosity_decay_stop": [
    0.0,
    0.0,
    0.0,
    0.0,
    0.0,
    0.0
  ],
  "curiosity_decay_stop_T": [
    1315,
    11335,
    21342,
    31356,
    41386,
    51422
  ],
  "curiosity_scale": [
    0.001,
    0.001,
    0.001,
    0.001,
    0.001,
    0.001
  ],
  "curiosity_scale_T": [
    1315,
    11335,
    21342,
    31356,
    41386,
    51422
  ],
  "emdqn_curr_capacity": [
    1347,
    11524,
    21490,
    31340,
    40965,
    50450
  ],
  "emdqn_curr_capacity_T": [
    1315,
    11335,
    21342,
    31356,
    41386,
    51422
  ],
  "emdqn_loss": [
    0.0,
    0.0,
    0.0,
    0.0,
    0.0,
    0.0
  ],
  "emdqn_loss_T": [
    1315,
    11335,
    21342,
    31356,
    41386,
    51422
  ],
  "emdqn_weight": [
    0.1,
    0.1,
    0.1,
    0.1,
    0.1,
    0.1
  ],
  "emdqn_weight_T": [
    1315,
    11335,
    21342,
    31356,
    41386,
    51422
  ],
  "ep_length_mean": [
    44.0,
    42.753191489361704,
    37.54307116104869,
    31.09006211180124,
    29.20408163265306,
    31.822222222222223
  ],
  "ep_length_mean_T": [
    44,
    10091,
    20115,
    30126,
    40143,
    50167
  ],
  "episode": [
    235,
    501,
    822,
    1165,
    1481
  ],
  "episode_T": [
    10026,
    20028,
    30037,
    40060,
    50089
  ],
  "epsilon": [
    1.0,
    0.8095060000000001,
    0.618822,
    0.4281760000000001,
    0.23777700000000013,
    0.05
  ],
  "epsilon_T": [
    44,
    10091,
    20115,
    30126,
    40143,
    50167
  ],
  "grad_norm": [
    0.7866730093955994,
    0.163010373711586,
    0.09915296733379364,
    0.05199303850531578,
    0.07749318331480026,
    0.21264879405498505
  ],
  "grad_norm_T": [
    1315,
    11335,
    21342,
    31356,
    41386,
    51422
  ],
  "loss": [
    0.04096934571862221,
    0.019311025738716125,
    0.017052989453077316,
    0.01411924883723259,
    0.013682260178029537,
    0.011724671348929405
  ],
  "loss_T": [
    1315,
    11335,
    21342,
    31356,
    41386,
    51422
  ],
  "num_circle": [
    1,
    1,
    1,
    1,
    1,
    1
  ],
  "num_circle_T": [
    44,
    10091,
    20115,
    30126,
    40143,
    50167
  ],
  "q_taken_mean": [
    0.1377206857968948,
    0.22647821096745754,
    0.2728464556448212,
    0.33495250174669716,
    0.4742034408518977,
    0.5021937724179442
  ],
  "q_taken_mean_T": [
    1315,
    11335,
    21342,
    31356,
    41386,
    51422
  ],
  "return_mean": [
    {
      "dtype": "float64",
      "py/object": "numpy.float64",
      "value": 3.7875000000000005
    },
    {
      "dtype": "float64",
      "py/object": "numpy.float64",
      "value": 3.3333297872340424
    },
    {
      "dtype": "float64",
      "py/object": "numpy.float64",
      "value": 3.535131086142322
    },
    {
      "dtype": "float64",
      "py/object": "numpy.float64",
      "value": 3.590178571428571
    },
    {
      "dtype": "float64",
      "py/object": "numpy.float64",
      "value": 3.5779446064139937
    },
    {
      "dtype": "float64",
      "py/object": "numpy.float64",
      "value": 3.869111111111111
    }
  ],
  "return_mean_T": [
    44,
    10091,
    20115,
    30126,
    40143,
    50167
  ],
  "return_std": [
    {
      "dtype": "float64",
      "py/object": "numpy.float64",
      "value": 0.0
    },
    {
      "dtype": "float64",
      "py/object": "numpy.float64",
      "value": 0.5415091232861016
    },
    {
      "dtype": "float64",
      "py/object": "numpy.float64",
      "value": 0.49691928414105097
    },
    {
      "dtype": "float64",
      "py/object": "numpy.float64",
      "value": 0.3832584267614652
    },
    {
      "dtype": "float64",
      "py/object": "numpy.float64",
      "value": 0.3812994734808061
    },
    {
      "dtype": "float64",
      "py/object": "numpy.float64",
      "value": 0.3997186554657372
    }
  ],
  "return_std_T": [
    44,
    10091,
    20115,
    30126,
    40143,
    50167
  ],
  "target_mean": [
    0.176708984375,
    0.2343390576318988,
    0.2768736886913799,
    0.3358216324472815,
    0.47621756072091587,
    0.49369349449685535
  ],
  "target_mean_T": [
    1315,
    11335,
    21342,
    31356,
    41386,
    51422
  ],
  "td_error_abs": [
    0.14290117038973385,
    0.10417041135990139,
    0.09658127757701797,
    0.0856180191040039,
    0.09146146868715192,
    0.0839482937219008
  ],
  "td_error_abs_T": [
    1315,
    11335,
    21342,
    31356,
    41386,
    51422
  ],
  "test_battle_won_mean": [
    0.0,
    0.0,
    0.0,
    0.0,
    0.0,
    0.0
  ],
  "test_battle_won_mean_T": [
    44,
    10091,
    20115,
    30126,
    40143,
    50167
  ],
  "test_ep_length_mean": [
    230.53125,
    33.25,
    25.46875,
    24.875,
    28.53125,
    33.34375
  ],
  "test_ep_length_mean_T": [
    44,
    10091,
    20115,
    30126,
    40143,
    50167
  ],
  "test_return_mean": [
    {
      "dtype": "float64",
      "py/object": "numpy.float64",
      "value": 1.3044531250000002
    },
    {
      "dtype": "float64",
      "py/object": "numpy.float64",
      "value": 4.085625
    },
    {
      "dtype": "float64",
      "py/object": "numpy.float64",
      "value": 3.9963281250000002
    },
    {
      "dtype": "float64",
      "py/object": "numpy.float64",
      "value": 3.5485156250000003
    },
    {
      "dtype": "float64",
      "py/object": "numpy.float64",
      "value": 3.7344531250000004
    },
    {
      "dtype": "float64",
      "py/object": "numpy.float64",
      "value": 4.145937499999999
    }
  ],
  "test_return_mean_T": [
    44,
    10091,
    20115,
    30126,
    40143,
    50167
  ],
  "test_return_std": [
    {
      "dtype": "float64",
      "py/object": "numpy.float64",
      "value": 0.8402096405006518
    },
    {
      "dtype": "float64",
      "py/object": "numpy.float64",
      "value": 0.2131387458910272
    },
    {
      "dtype": "float64",
      "py/object": "numpy.float64",
      "value": 0.21512168102375065
    },
    {
      "dtype": "float64",
      "py/object": "numpy.float64",
      "value": 0.24423658114287336
    },
    {
      "dtype": "float64",
      "py/object": "numpy.float64",
      "value": 0.27981769621529373
    },
    {
      "dtype": "float64",
      "py/object": "numpy.float64",
      "value": 0.49143156234489993
    }
  ],
  "test_return_std_T": [
    44,
    10091,
    20115,
    30126,
    40143,
    50167
  ],
  "vdn extrinsic rewards": [
    0.07780798270221899,
    0.09081552297048326,
    0.08897773032246331,
    0.08769816887087939,
    0.10448514730623452,
    0.11090093648658608
  ],
  "vdn extrinsic rewards_T": [
    1315,
    11335,
    21342,
    31356,
    41386,
    51422
  ],
  "vdn grad_norm": [
    1.1550390720367432,
    0.03591969609260559,
    0.18297035992145538,
    0.39656567573547363,
    0.07367024570703506,
    0.041854165494441986
  ],
  "vdn grad_norm_T": [
    1315,
    11335,
    21342,
    31356,
    41386,
    51422
  ],
  "vdn hit_prob": [
    0.38352346420288086,
    0.3566146194934845,
    0.41160598397254944,
    0.42200204730033875,
    0.3897689878940582,
    0.4210692346096039
  ],
  "vdn hit_prob_T": [
    1315,
    11335,
    21342,
    31356,
    41386,
    51422
  ],
  "vdn intrinsic rewards": [
    0.0025149113325111765,
    0.00034220872987168874,
    0.0002926189407163303,
    0.0002764586313832097,
    0.0003628462848096791,
    0.0004117137418602997
  ],