{
  "battle_won_mean": [
    0.0,
    0.0,
    0.0,
    0.0,
    0.0
  ],
  "battle_won_mean_T": [
    35,
    10058,
    20079,
    30082,
    40089
  ],
  "curiosity_decay_cycle": [
    100000,
    100000,
    100000,
    100000,
    100000
  ],
  "curiosity_decay_cycle_T": [
    1022,
    11049,
    21070,
    31099,
    41099
  ],
  "curiosity_decay_rate": [
    0.9,
    0.9,
    0.9,
    0.9,
    0.9
  ],
  "curiosity_decay_rate_T": [
    1022,
    11049,
    21070,
    31099,
    41099
  ],
  "curiosity_decay_stop": [
    0.0,
    0.0,
    0.0,
    0.0,
    0.0
  ],
  "curiosity_decay_stop_T": [
    1022,
    11049,
    21070,
    31099,
    41099
  ],
  "curiosity_scale": [
    0.001,
    0.001,
    0.001,
    0.001,
    0.001
  ],
  "curiosity_scale_T": [
    1022,
    11049,
    21070,
    31099,
    41099
  ],
  "emdqn_curr_capacity": [
    1054,
    11308,
    21475,
    31653,
    41760
  ],
  "emdqn_curr_capacity_T": [
    1022,
    11049,
    21070,
    31099,
    41099
  ],
  "emdqn_loss": [
    0.0,
    0.0,
    0.0,
    0.0,
    0.0
  ],
  "emdqn_loss_T": [
    1022,
    11049,
    21070,
    31099,
    41099
  ],
  "emdqn_weight": [
    0.1,
    0.1,
    0.1,
    0.1,
    0.1
  ],
  "emdqn_weight_T": [
    1022,
    11049,
    21070,
    31099,
    41099
  ],
  "ep_length_mean": [
    35.0,
    32.648208469055376,
    33.182119205298015,
    32.79672131147541,
    32.91776315789474
  ],
  "ep_length_mean_T": [
    35,
    10058,
    20079,
    30082,
    40089
  ],
  "episode": [
    307,
    609,
    914,
    1218
  ],
  "episode_T": [
    10009,
    20039,
    30045,
    40055
  ],
  "epsilon": [
    1.0,
    0.809829,
    0.619259,
    0.4291450000000001,
    0.23895500000000014
  ],
  "epsilon_T": [
    35,
    10058,
    20079,
    30082,
    40089
  ],
  "grad_norm": [
    2.3570733070373535,
    0.44662153720855713,
    1.4931343793869019,
    1.4965800046920776,
    1.3239010572433472
  ],
  "grad_norm_T": [
    1022,
    11049,
    21070,
    31099,
    41099
  ],
  "loss": [
    0.2751096189022064,
    0.09462030231952667,
    0.14355534315109253,
    0.1328413486480713,
    0.12261246889829636
  ],
  "loss_T": [
    1022,
    11049,
    21070,
    31099,
    41099
  ],
  "num_circle": [
    1,
    1,
    1,
    1,
    1
  ],
  "num_circle_T": [
    35,
    10058,
    20079,
    30082,
    40089
  ],
  "pred_total_reward": [
    -0.1911045529837711,
    3.2626039927242365,
    2.669502747458134,
    2.867245243761826,
    2.9640043776326275
  ],
  "pred_total_reward_T": [
    1022,
    11049,
    21070,
    31099,
    41099
  ],
  "q_taken_mean": [
    0.3420519446206886,
    0.7657938949934399,
    1.2352013400867226,
    1.3859200382864238,
    1.8385868037767532
  ],
  "q_taken_mean_T": [
    1022,
    11049,
    21070,
    31099,
    41099
  ],
  "return_mean": [
    {
      "dtype": "float64",
      "py/object": "numpy.float64",
      "value": 8.893028358360388
    },
    {
      "dtype": "float64",
      "py/object": "numpy.float64",
      "value": 9.222811023527063
    },
    {
      "dtype": "float64",
      "py/object": "numpy.float64",
      "value": 9.573983008467629
    },
    {
      "dtype": "float64",
      "py/object": "numpy.float64",
      "value": 10.026988688341628
    },
    {
      "dtype": "float64",
      "py/object": "numpy.float64",
      "value": 10.820459872993474
    }
  ],
  "return_mean_T": [
    35,
    10058,
    20079,
    30082,
    40089
  ],
  "return_std": [
    {
      "dtype": "float64",
      "py/object": "numpy.float64",
      "value": 0.0
    },
    {
      "dtype": "float64",
      "py/object": "numpy.float64",
      "value": 1.586526534368036
    },
    {
      "dtype": "float64",
      "py/object": "numpy.float64",
      "value": 1.5241110447279336
    },
    {
      "dtype": "float64",
      "py/object": "numpy.float64",
      "value": 1.551661174015344
    },
    {
      "dtype": "float64",
      "py/object": "numpy.float64",
      "value": 1.653055178953035
    }
  ],
  "return_std_T": [
    35,
    10058,
    20079,
    30082,
    40089
  ],
  "rewardnet_loss": [
    16.57325553894043,
    2.1917409896850586,
    1.9660027027130127,
    1.5536117553710938,
    1.7939386367797852
  ],
  "rewardnet_loss_T": [
    1022,
    11049,
    21070,
    31099,
    41099
  ],
  "target_mean": [
    0.5201213560458965,
    0.7483841408300036,
    1.1746302846516148,
    1.3283224836654446,
    1.7994907288820583
  ],
  "target_mean_T": [
    1022,
    11049,
    21070,
    31099,
    41099
  ],
  "td_error_abs": [
    0.3850541385419215,
    0.22768757361492128,
    0.2853923304799641,
    0.27402339707936674,
    0.26250047805313637
  ],
  "td_error_abs_T": [
    1022,
    11049,
    21070,
    31099,
    41099
  ],
  "test_battle_won_mean": [
    0.0,
    0.0,
    0.0,
    0.0,
    0.0
  ],
  "test_battle_won_mean_T": [
    35,
    10058,
    20079,
    30082,
    40089
  ],
  "test_ep_length_mean": [
    32.78125,
    33.46875,
    33.375,
    32.96875,
    36.0625
  ],
  "test_ep_length_mean_T": [
    35,
    10058,
    20079,
    30082,
    40089
  ],
  "test_return_mean": [
    {
      "dtype": "float64",
      "py/object": "numpy.float64",
      "value": 10.005814688546316
    },
    {
      "dtype": "float64",
      "py/object": "numpy.float64",
      "value": 11.212366772936537
    },
    {
      "dtype": "float64",
      "py/object": "numpy.float64",
      "value": 12.508655894886363
    },
    {
      "dtype": "float64",
      "py/object": "numpy.float64",
      "value": 11.32297218620003
    },
    {
      "dtype": "float64",
      "py/object": "numpy.float64",
      "value": 12.878801420137478
    }
  ],
  "test_return_mean_T": [
    35,
    10058,
    20079,
    30082,
    40089
  ],
  "test_return_std": [
    {
      "dtype": "float64",
      "py/object": "numpy.float64",
      "value": 1.2491618147508605
    },
    {
      "dtype": "float64",
      "py/object": "numpy.float64",
      "value": 1.4627081879122168
    },
    {
      "dtype": "float64",
      "py/object": "numpy.float64",
      "value": 1.1980239733424474
    },
    {
      "dtype": "float64",
      "py/object": "numpy.float64",
      "value": 1.5336917856102998
    },
    {
      "dtype": "float64",
      "py/object": "numpy.float64",
      "value": 1.1527255819353865
    }
  ],
  "test_return_std_T": [
    35,
    10058,
    20079,
    30082,
    40089
  ],
  "vdn extrinsic rewards": [
    0.27115901342343446,
    0.2914963642149481,
    0.2820837577564294,
    0.28245430389664145,
    0.3015684534291752
  ],
  "vdn extrinsic rewards_T": [
    1022,
    11049,
    21070,
    31099,
    41099
  ],
  "vdn intrinsic rewards": [
    0.008833613647640102,
    0.003244892786477358,
    0.004014627557051809,
    0.004896465290686717,
    0.005183581228898957
  ],
  "vdn intrinsic rewards_T": [
    1022,
    11049,
    21070,
    31099,
    41099
  ],
  "vdn predict_grad_norm": [
    2.0549111366271973,
    0.8328654766082764,
    3.023463249206543,
    3.4781317710876465,
    1.80831778049469
  ],
  "vdn predict_grad_norm_T": [
    1022,
    11049,
    21070,
    31099,
    41099
  ],
  "vdn predict_mac_out_mean": [
    -0.011322587728500366,
    0.14118264615535736,
    0.31053465604782104,
    0.5452202558517456,
    0.7383049726486206
  ],
  "vdn predict_mac_out_mean_T": [
    1022,
    11049,
    21070,
    31099,
    41099
  ],
  "vdn prediction loss": [
    8.833613395690918,
    3.2448925971984863,
    4.014626979827881,
    4.896464824676514,
    5.18358039855957
  ],
  "vdn prediction loss_T": [
    1022,
    11049,
    21070,
    31099,
    41099
  ],
  "vdn soft_target_mac_out_next_mean": [
    -0.013380360789597034,
    0.014780733734369278,
    0.0318145714700222,
    0.05752944201231003,
    0.07556455582380295
  ],
  "vdn soft_target_mac_out_next_mean_T": [
    1022,
    11049,
    21070,
    31099,
    41099
  ]
}