{
  "battle_won_mean": [
    0.0,
    0.0,
    0.0,
    0.0,
    0.0,
    0.0
  ],
  "battle_won_mean_T": [
    53,
    10072,
    20073,
    30083,
    40101,
    50113
  ],
  "curiosity_decay_cycle": [
    100000,
    100000,
    100000,
    100000,
    100000,
    100000
  ],
  "curiosity_decay_cycle_T": [
    1369,
    11373,
    21388,
    31389,
    41410,
    51419
  ],
  "curiosity_decay_rate": [
    0.9,
    0.9,
    0.9,
    0.9,
    0.9,
    0.9
  ],
  "curiosity_decay_rate_T": [
    1369,
    11373,
    21388,
    31389,
    41410,
    51419
  ],
  "curiosity_decay_stop": [
    0.0,
    0.0,
    0.0,
    0.0,
    0.0,
    0.0
  ],
  "curiosity_decay_stop_T": [
    1369,
    11373,
    21388,
    31389,
    41410,
    51419
  ],
  "curiosity_scale": [
    0.001,
    0.001,
    0.001,
    0.001,
    0.001,
    0.001
  ],
  "curiosity_scale_T": [
    1369,
    11373,
    21388,
    31389,
    41410,
    51419
  ],
  "emdqn_curr_capacity": [
    1401,
    11570,
    21519,
    31385,
    41053,
    50291
  ],
  "emdqn_curr_capacity_T": [
    1369,
    11373,
    21388,
    31389,
    41410,
    51419
  ],
  "emdqn_loss": [
    0.0,
    0.0,
    0.0,
    0.0,
    0.0,
    0.0
  ],
  "emdqn_loss_T": [
    1369,
    11373,
    21388,
    31389,
    41410,
    51419
  ],
  "emdqn_weight": [
    0.1,
    0.1,
    0.1,
    0.1,
    0.1,
    0.1
  ],
  "emdqn_weight_T": [
    1369,
    11373,
    21388,
    31389,
    41410,
    51419
  ],
  "ep_length_mean": [
    53.0,
    46.8177570093458,
    42.92274678111588,
    32.81967213114754,
    30.35757575757576,
    26.986522911051214
  ],
  "ep_length_mean_T": [
    53,
    10072,
    20073,
    30083,
    40101,
    50113
  ],
  "episode": [
    214,
    447,
    752,
    1082,
    1453
  ],
  "episode_T": [
    10033,
    20036,
    30057,
    40075,
    50088
  ],
  "epsilon": [
    1.0,
    0.809373,
    0.619316,
    0.4289170000000001,
    0.2385750000000001,
    0.05
  ],
  "epsilon_T": [
    53,
    10072,
    20073,
    30083,
    40101,
    50113
  ],
  "grad_norm": [
    1.1925264596939087,
    0.058921702206134796,
    0.26735347509384155,
    0.08841696381568909,
    0.1594756692647934,
    0.5066635012626648
  ],
  "grad_norm_T": [
    1369,
    11373,
    21388,
    31389,
    41410,
    51419
  ],
  "individual_reward": [
    -0.0005910284681159968,
    7.562253816281875e-05,
    -2.830223783428453e-05,
    0.0003776040342119005,
    0.00020061183953846886,
    0.00022907846311025958
  ],
  "individual_reward_T": [
    1369,
    11373,
    21388,
    31389,
    41410,
    51419
  ],
  "loss": [
    0.07088826596736908,
    0.018990464508533478,
    0.01768234372138977,
    0.018774619325995445,
    0.01190758403390646,
    0.01626737043261528
  ],
  "loss_T": [
    1369,
    11373,
    21388,
    31389,
    41410,
    51419
  ],
  "num_circle": [
    1,
    1,
    1,
    1,
    1,
    1
  ],
  "num_circle_T": [
    53,
    10072,
    20073,
    30083,
    40101,
    50113
  ],
  "pred_total_reward": [
    -0.6234178563989454,
    0.0847748234900514,
    0.01488750064957941,
    0.3357357449001736,
    0.1856472037072883,
    0.233568266870574
  ],
  "pred_total_reward_T": [
    1369,
    11373,
    21388,
    31389,
    41410,
    51419
  ],
  "q_taken_mean": [
    -0.010168465204937836,
    0.049779658801213385,
    0.0803757926556021,
    0.19436072832272377,
    0.23965294613542512,
    0.3758795322516026
  ],
  "q_taken_mean_T": [
    1369,
    11373,
    21388,
    31389,
    41410,
    51419
  ],
  "return_mean": [
    {
      "dtype": "float64",
      "py/object": "numpy.float64",
      "value": 4.1049999999999995
    },
    {
      "dtype": "float64",
      "py/object": "numpy.float64",
      "value": 3.26822429906542
    },
    {
      "dtype": "float64",
      "py/object": "numpy.float64",
      "value": 3.6283476394849785
    },
    {
      "dtype": "float64",
      "py/object": "numpy.float64",
      "value": 3.52816393442623
    },
    {
      "dtype": "float64",
      "py/object": "numpy.float64",
      "value": 3.6520681818181813
    },
    {
      "dtype": "float64",
      "py/object": "numpy.float64",
      "value": 3.698274932614555
    }
  ],
  "return_mean_T": [
    53,
    10072,
    20073,
    30083,
    40101,
    50113
  ],
  "return_std": [
    {
      "dtype": "float64",
      "py/object": "numpy.float64",
      "value": 0.0
    },
    {
      "dtype": "float64",
      "py/object": "numpy.float64",
      "value": 0.5768384374047028
    },
    {
      "dtype": "float64",
      "py/object": "numpy.float64",
      "value": 0.49792784713185423
    },
    {
      "dtype": "float64",
      "py/object": "numpy.float64",
      "value": 0.3902815158960182
    },
    {
      "dtype": "float64",
      "py/object": "numpy.float64",
      "value": 0.33852641773243447
    },
    {
      "dtype": "float64",
      "py/object": "numpy.float64",
      "value": 0.25291858878346435
    }
  ],
  "return_std_T": [
    53,
    10072,
    20073,
    30083,
    40101,
    50113
  ],
  "rewardnet_loss": [
    0.6540644764900208,
    0.004413500893861055,
    0.0036831265315413475,
    0.0811711847782135,
    0.005310569889843464,
    0.03238217160105705
  ],
  "rewardnet_loss_T": [
    1369,
    11373,
    21388,
    31389,
    41410,
    51419
  ],
  "target_mean": [
    0.051066504274809014,
    0.05031733996525887,
    0.06633426900888692,
    0.19684180742428625,
    0.2470075089273626,
    0.39470179313929316
  ],
  "target_mean_T": [
    1369,
    11373,
    21388,
    31389,
    41410,
    51419
  ],
  "td_error_abs": [
    0.2010399070945946,
    0.10106419027933801,
    0.0964322673425892,
    0.1008005212854456,
    0.07750630010733461,
    0.09478120546083192
  ],
  "td_error_abs_T": [
    1369,
    11373,
    21388,
    31389,
    41410,
    51419
  ],
  "test_battle_won_mean": [
    0.0,
    0.0,
    0.0,
    0.0,
    0.0,
    0.0
  ],
  "test_battle_won_mean_T": [
    53,
    10072,
    20073,
    30083,
    40101,
    50113
  ],
  "test_ep_length_mean": [
    250.0,
    27.25,
    25.53125,
    32.4375,
    25.71875,
    26.25
  ],
  "test_ep_length_mean_T": [
    53,
    10072,
    20073,
    30083,
    40101,
    50113
  ],
  "test_return_mean": [
    {
      "dtype": "float64",
      "py/object": "numpy.float64",
      "value": 0.0
    },
    {
      "dtype": "float64",
      "py/object": "numpy.float64",
      "value": 3.762265625000001
    },
    {
      "dtype": "float64",
      "py/object": "numpy.float64",
      "value": 3.690234375
    },
    {
      "dtype": "float64",
      "py/object": "numpy.float64",
      "value": 3.4621874999999998
    },
    {
      "dtype": "float64",
      "py/object": "numpy.float64",
      "value": 3.5542968749999995
    },
    {
      "dtype": "float64",
      "py/object": "numpy.float64",
      "value": 3.8503906249999993
    }
  ],
  "test_return_mean_T": [
    53,
    10072,
    20073,
    30083,
    40101,
    50113
  ],
  "test_return_std": [
    {
      "dtype": "float64",
      "py/object": "numpy.float64",
      "value": 0.0
    },
    {
      "dtype": "float64",
      "py/object": "numpy.float64",
      "value": 0.18437432137057308
    },
    {
      "dtype": "float64",
      "py/object": "numpy.float64",
      "value": 0.22793773081887808
    },
    {
      "dtype": "float64",
      "py/object": "numpy.float64",
      "value": 0.6324137632663821
    },
    {
      "dtype": "float64",
      "py/object": "numpy.float64",
      "value": 0.19160937882247409
    },
    {
      "dtype": "float64",
      "py/object": "numpy.float64",
      "value": 0.23372251624439033
    }
  ],
  "test_return_std_T": [
    53,
    10072,
    20073,
    30083,
    40101,
    50113
  ],
  "vdn extrinsic rewards": [
    0.07216398519177433,
    0.07594589643402211,
    0.07658949339892342,
    0.1045069447270146,
    0.0905787997086972,
    0.11612265224020595
  ],