{
  "battle_won_mean": [
    0.0,
    0.0
  ],
  "battle_won_mean_T": [
    27,
    10028
  ],
  "curiosity_decay_cycle": [
    200000,
    200000
  ],
  "curiosity_decay_cycle_T": [
    745,
    10747
  ],
  "curiosity_decay_rate": [
    0.9,
    0.9
  ],
  "curiosity_decay_rate_T": [
    745,
    10747
  ],
  "curiosity_decay_stop": [
    0.01,
    0.01
  ],
  "curiosity_decay_stop_T": [
    745,
    10747
  ],
  "curiosity_scale": [
    0.2,
    0.2
  ],
  "curiosity_scale_T": [
    745,
    10747
  ],
  "emdqn_curr_capacity": [
    777,
    11132
  ],
  "emdqn_curr_capacity_T": [
    745,
    10747
  ],
  "emdqn_loss": [
    0.0,
    0.11693330109119415
  ],
  "emdqn_loss_T": [
    745,
    10747
  ],
  "emdqn_weight": [
    0.1,
    0.1
  ],
  "emdqn_weight_T": [
    745,
    10747
  ],
  "ep_length_mean": [
    27.0,
    23.20417633410673
  ],
  "ep_length_mean_T": [
    27,
    10028
  ],
  "episode": [
    431
  ],
  "episode_T": [
    10005
  ],
  "epsilon": [
    1.0,
    0.809905
  ],
  "epsilon_T": [
    27,
    10028
  ],
  "grad_norm": [
    1.8306007385253906,
    19.708498001098633
  ],
  "grad_norm_T": [
    745,
    10747
  ],
  "loss": [
    0.11891406029462814,
    0.2806168794631958
  ],
  "loss_T": [
    745,
    10747
  ],
  "num_circle": [
    1,
    1
  ],
  "num_circle_T": [
    27,
    10028
  ],
  "pred_total_reward": [
    -0.0037118073277825478,
    2.4501339491977485
  ],
  "pred_total_reward_T": [
    745,
    10747
  ],
  "q_taken_mean": [
    -0.016435728137125107,
    0.19717158382511482
  ],
  "q_taken_mean_T": [
    745,
    10747
  ],
  "return_mean": [
    {
      "dtype": "float64",
      "py/object": "numpy.float64",
      "value": 5.106418918918918
    },
    {
      "dtype": "float64",
      "py/object": "numpy.float64",
      "value": 5.7007313287765715
    }
  ],
  "return_mean_T": [
    27,
    10028
  ],
  "return_std": [
    {
      "dtype": "float64",
      "py/object": "numpy.float64",
      "value": 0.0
    },
    {
      "dtype": "float64",
      "py/object": "numpy.float64",
      "value": 0.5829919258749866
    }
  ],
  "return_std_T": [
    27,
    10028
  ],
  "rewardnet_loss": [
    6.753870964050293,
    0.9147078990936279
  ],
  "rewardnet_loss_T": [
    745,
    10747
  ],
  "target_mean": [
    0.029277147809397722,
    0.2032621103375616
  ],
  "target_mean_T": [
    745,
    10747
  ],
  "td_error_abs": [
    0.2770740483431208,
    0.25982167643885457
  ],
  "td_error_abs_T": [
    745,
    10747
  ],
  "test_battle_won_mean": [
    0.0,
    0.0
  ],
  "test_battle_won_mean_T": [
    27,
    10028
  ],
  "test_ep_length_mean": [
    28.5625,
    22.875
  ],
  "test_ep_length_mean_T": [
    27,
    10028
  ],
  "test_return_mean": [
    {
      "dtype": "float64",
      "py/object": "numpy.float64",
      "value": 5.618982263513512
    },
    {
      "dtype": "float64",
      "py/object": "numpy.float64",
      "value": 7.892261402027026
    }
  ],
  "test_return_mean_T": [
    27,
    10028
  ],
  "test_return_std": [
    {
      "dtype": "float64",
      "py/object": "numpy.float64",
      "value": 0.660740086464621
    },
    {
      "dtype": "float64",
      "py/object": "numpy.float64",
      "value": 0.4451443671789336
    }
  ],
  "test_return_std_T": [
    27,
    10028
  ],
  "vdn extrinsic rewards": [
    0.2289928461881292,
    0.24689633359191238
  ],
  "vdn extrinsic rewards_T": [
    745,
    10747
  ],
  "vdn intrinsic rewards": [
    0.9839150652789429,
    5.484955162130376
  ],
  "vdn intrinsic rewards_T": [
    745,
    10747
  ],
  "vdn predict_grad_norm": [
    1.7470901012420654,
    6.10850715637207
  ],
  "vdn predict_grad_norm_T": [
    745,
    10747
  ],
  "vdn predict_mac_out_mean": [
    -0.023130541667342186,
    -5.709944248199463
  ],
  "vdn predict_mac_out_mean_T": [
    745,
    10747
  ],
  "vdn prediction loss": [
    4.919574737548828,
    27.424774169921875
  ],
  "vdn prediction loss_T": [
    745,
    10747
  ],
  "vdn soft_target_mac_out_next_mean": [
    -0.03479699417948723,
    -0.8952639698982239
  ],
  "vdn soft_target_mac_out_next_mean_T": [
    745,
    10747
  ]
}