{
  "battle_won_mean": [
    0.0,
    0.0,
    0.0,
    0.0,
    0.0
  ],
  "battle_won_mean_T": [
    34,
    10067,
    20301,
    30317,
    40334
  ],
  "curiosity_decay_cycle": [
    100000,
    100000,
    100000,
    100000,
    100000
  ],
  "curiosity_decay_cycle_T": [
    1866,
    11870,
    21890,
    31916,
    41942
  ],
  "curiosity_decay_rate": [
    0.9,
    0.9,
    0.9,
    0.9,
    0.9
  ],
  "curiosity_decay_rate_T": [
    1866,
    11870,
    21890,
    31916,
    41942
  ],
  "curiosity_decay_stop": [
    0.0,
    0.0,
    0.0,
    0.0,
    0.0
  ],
  "curiosity_decay_stop_T": [
    1866,
    11870,
    21890,
    31916,
    41942
  ],
  "curiosity_scale": [
    0.001,
    0.001,
    0.001,
    0.001,
    0.001
  ],
  "curiosity_scale_T": [
    1866,
    11870,
    21890,
    31916,
    41942
  ],
  "emdqn_curr_capacity": [
    1898,
    12061,
    22037,
    32018,
    41650
  ],
  "emdqn_curr_capacity_T": [
    1866,
    11870,
    21890,
    31916,
    41942
  ],
  "emdqn_loss": [
    0.0,
    0.0,
    0.0,
    0.0,
    0.0
  ],
  "emdqn_loss_T": [
    1866,
    11870,
    21890,
    31916,
    41942
  ],
  "emdqn_weight": [
    0.1,
    0.1,
    0.1,
    0.1,
    0.1
  ],
  "emdqn_weight_T": [
    1866,
    11870,
    21890,
    31916,
    41942
  ],
  "ep_length_mean": [
    34.0,
    52.52879581151832,
    45.89237668161435,
    32.1025641025641,
    28.53846153846154
  ],
  "ep_length_mean_T": [
    34,
    10067,
    20301,
    30317,
    40334
  ],
  "episode": [
    191,
    414,
    719,
    1069
  ],
  "episode_T": [
    10023,
    20051,
    30073,
    40083
  ],
  "epsilon": [
    1.0,
    0.809563,
    0.6190310000000001,
    0.42449000000000003,
    0.2342050000000001
  ],
  "epsilon_T": [
    34,
    10067,
    20301,
    30317,
    40334
  ],
  "grad_norm": [
    0.9233517050743103,
    0.09881026297807693,
    0.4251706004142761,
    0.07338457554578781,
    0.05335875600576401
  ],
  "grad_norm_T": [
    1866,
    11870,
    21890,
    31916,
    41942
  ],
  "loss": [
    0.04718609154224396,
    0.017100388184189796,
    0.018798742443323135,
    0.015336131677031517,
    0.012174904346466064
  ],
  "loss_T": [
    1866,
    11870,
    21890,
    31916,
    41942
  ],
  "num_circle": [
    1,
    1,
    1,
    1,
    1
  ],
  "num_circle_T": [
    34,
    10067,
    20301,
    30317,
    40334
  ],
  "pred_total_reward": [
    -0.07545359980510617,
    0.07553585039900475,
    0.06314593861729922,
    0.09677087719998838,
    0.09228438017700387
  ],
  "pred_total_reward_T": [
    1866,
    11870,
    21890,
    31916,
    41942
  ],
  "q_taken_mean": [
    0.05760718942242207,
    0.16411460481985699,
    0.1499559929137445,
    0.2598083420461586,
    0.3332976737741262
  ],
  "q_taken_mean_T": [
    1866,
    11870,
    21890,
    31916,
    41942
  ],
  "return_mean": [
    {
      "dtype": "float64",
      "py/object": "numpy.float64",
      "value": 3.602499999999999
    },
    {
      "dtype": "float64",
      "py/object": "numpy.float64",
      "value": 3.3063089005235597
    },
    {
      "dtype": "float64",
      "py/object": "numpy.float64",
      "value": 3.599764573991031
    },
    {
      "dtype": "float64",
      "py/object": "numpy.float64",
      "value": 3.7072596153846153
    },
    {
      "dtype": "float64",
      "py/object": "numpy.float64",
      "value": 3.6268162393162386
    }
  ],
  "return_mean_T": [
    34,
    10067,
    20301,
    30317,
    40334
  ],
  "return_std": [
    {
      "dtype": "float64",
      "py/object": "numpy.float64",
      "value": 0.0
    },
    {
      "dtype": "float64",
      "py/object": "numpy.float64",
      "value": 0.5568484160946928
    },
    {
      "dtype": "float64",
      "py/object": "numpy.float64",
      "value": 0.5051273266209795
    },
    {
      "dtype": "float64",
      "py/object": "numpy.float64",
      "value": 0.3810533623675914
    },
    {
      "dtype": "float64",
      "py/object": "numpy.float64",
      "value": 0.3150323815375116
    }
  ],
  "return_std_T": [
    34,
    10067,
    20301,
    30317,
    40334
  ],
  "rewardnet_loss": [
    0.00793556496500969,
    0.003119800938293338,
    0.0013423998607322574,
    0.001216672477312386,
    0.0008838677313178778
  ],
  "rewardnet_loss_T": [
    1866,
    11870,
    21890,
    31916,
    41942
  ],
  "target_mean": [
    0.10200697287954404,
    0.16869383959880363,
    0.17115588410240765,
    0.26098511801037794,
    0.33424347990431014
  ],
  "target_mean_T": [
    1866,
    11870,
    21890,
    31916,
    41942
  ],
  "td_error_abs": [
    0.15397760160227425,
    0.09286944197349423,
    0.0963479305389035,
    0.08861717025586664,
    0.08067817270102821
  ],
  "td_error_abs_T": [
    1866,
    11870,
    21890,
    31916,
    41942
  ],
  "test_battle_won_mean": [
    0.0,
    0.0,
    0.0,
    0.0,
    0.0
  ],
  "test_battle_won_mean_T": [
    34,
    10067,
    20301,
    30317,
    40334
  ],
  "test_ep_length_mean": [
    39.8125,
    243.5625,
    27.59375,
    25.375,
    25.59375
  ],
  "test_ep_length_mean_T": [
    34,
    10067,
    20301,
    30317,
    40334
  ],
  "test_return_mean": [
    {
      "dtype": "float64",
      "py/object": "numpy.float64",
      "value": 4.195546875
    },
    {
      "dtype": "float64",
      "py/object": "numpy.float64",
      "value": 2.08265625
    },
    {
      "dtype": "float64",
      "py/object": "numpy.float64",
      "value": 3.930234375
    },
    {
      "dtype": "float64",
      "py/object": "numpy.float64",
      "value": 4.0942187500000005
    },
    {
      "dtype": "float64",
      "py/object": "numpy.float64",
      "value": 3.6370312500000006
    }
  ],
  "test_return_mean_T": [
    34,
    10067,
    20301,
    30317,
    40334
  ],
  "test_return_std": [
    {
      "dtype": "float64",
      "py/object": "numpy.float64",
      "value": 0.2921744545048971
    },
    {
      "dtype": "float64",
      "py/object": "numpy.float64",
      "value": 1.1520687807531
    },
    {
      "dtype": "float64",
      "py/object": "numpy.float64",
      "value": 0.2898385591684779
    },
    {
      "dtype": "float64",
      "py/object": "numpy.float64",
      "value": 0.2064737777501964
    },
    {
      "dtype": "float64",
      "py/object": "numpy.float64",
      "value": 0.25602386172667096
    }
  ],
  "test_return_std_T": [
    34,
    10067,
    20301,
    30317,
    40334
  ],
  "vdn extrinsic rewards": [
    0.057395493485919914,
    0.07139933872537645,
    0.062244218043630534,
    0.08340334413663163,
    0.09030515524516457
  ],
  "vdn extrinsic rewards_T": [
    1866,
    11870,
    21890,
    31916,
    41942
  ],
  "vdn intrinsic rewards": [
    0.002832599774817562,
    0.00047865748012026544,
    0.00025839485613295214,
    0.00031652720887421674,
    0.0003454468806211564
  ],
  "vdn intrinsic rewards_T": [
    1866,
    11870,
    21890,
    31916,
    41942
  ],
  "vdn predict_grad_norm": [
    1.538795828819275,
    0.3659674823284149,
    1.0742521286010742,
    1.3408008813858032,
    1.3059254884719849
  ],
  "vdn predict_grad_norm_T": [
    1866,
    11870,
    21890,
    31916,
    41942
  ],
  "vdn predict_mac_out_mean": [
    0.041014350950717926,
    0.1614384949207306,
    0.22786982357501984,
    0.29925504326820374,
    0.3782995641231537
  ],
  "vdn predict_mac_out_mean_T": [
    1866,
    11870,
    21890,
    31916,
    41942
  ],
  "vdn prediction loss": [
    2.832599401473999,
    0.47865742444992065,
    0.25839483737945557,
    0.3165271580219269,
    0.3454468548297882
  ],
  "vdn prediction loss_T": [
    1866,
    11870,
    21890,
    31916,
    41942
  ],
  "vdn soft_target_mac_out_next_mean": [
    -0.011905600316822529,
    0.010196881368756294,
    0.015023737214505672,
    0.02348107099533081,
    0.03223743662238121
  ],
  "vdn soft_target_mac_out_next_mean_T": [
    1866,
    11870,
    21890,
    31916,
    41942
  ]
}