{
  "battle_won_mean": [
    0.0,
    0.0,
    0.0,
    0.0,
    0.0,
    0.0
  ],
  "battle_won_mean_T": [
    31,
    10053,
    20061,
    30080,
    40083,
    50116
  ],
  "curiosity_decay_cycle": [
    100000,
    100000,
    100000,
    100000,
    100000,
    100000
  ],
  "curiosity_decay_cycle_T": [
    1046,
    11072,
    21074,
    31091,
    41103,
    51117
  ],
  "curiosity_decay_rate": [
    0.9,
    0.9,
    0.9,
    0.9,
    0.9,
    0.9
  ],
  "curiosity_decay_rate_T": [
    1046,
    11072,
    21074,
    31091,
    41103,
    51117
  ],
  "curiosity_decay_stop": [
    0.0,
    0.0,
    0.0,
    0.0,
    0.0,
    0.0
  ],
  "curiosity_decay_stop_T": [
    1046,
    11072,
    21074,
    31091,
    41103,
    51117
  ],
  "curiosity_scale": [
    0.001,
    0.001,
    0.001,
    0.001,
    0.001,
    0.001
  ],
  "curiosity_scale_T": [
    1046,
    11072,
    21074,
    31091,
    41103,
    51117
  ],
  "emdqn_curr_capacity": [
    1078,
    11314,
    21451,
    31647,
    41903,
    52219
  ],
  "emdqn_curr_capacity_T": [
    1046,
    11072,
    21074,
    31091,
    41103,
    51117
  ],
  "emdqn_loss": [
    0.0,
    0.0,
    0.0,
    0.0,
    0.0,
    0.0
  ],
  "emdqn_loss_T": [
    1046,
    11072,
    21074,
    31091,
    41103,
    51117
  ],
  "emdqn_weight": [
    0.1,
    0.1,
    0.1,
    0.1,
    0.1,
    0.1
  ],
  "emdqn_weight_T": [
    1046,
    11072,
    21074,
    31091,
    41103,
    51117
  ],
  "ep_length_mean": [
    31.0,
    32.53896103896104,
    32.81311475409836,
    32.95723684210526,
    32.06089743589744,
    30.7760736196319
  ],
  "ep_length_mean_T": [
    31,
    10053,
    20061,
    30080,
    40083,
    50116
  ],
  "episode": [
    308,
    613,
    917,
    1229,
    1554
  ],
  "episode_T": [
    10013,
    20029,
    30047,
    40053,
    50054
  ],
  "epsilon": [
    1.0,
    0.8097530000000001,
    0.619449,
    0.429107,
    0.23899300000000012,
    0.05
  ],
  "epsilon_T": [
    31,
    10053,
    20061,
    30080,
    40083,
    50116
  ],
  "grad_norm": [
    2.6659414768218994,
    0.9938843846321106,
    0.5298470854759216,
    0.5753222107887268,
    1.595494031906128,
    4.198667526245117
  ],
  "grad_norm_T": [
    1046,
    11072,
    21074,
    31091,
    41103,
    51117
  ],
  "individual_reward": [
    -0.0015272704410735326,
    0.000317270703592491,
    0.00017528678998862912,
    0.0003374669427577133,
    0.0004177396866812635,
    0.000494455907777039
  ],
  "individual_reward_T": [
    1046,
    11072,
    21074,
    31091,
    41103,
    51117
  ],
  "loss": [
    0.3079092502593994,
    0.12202537059783936,
    0.12822823226451874,
    0.12229156494140625,
    0.1179894506931305,
    0.19301287829875946
  ],
  "loss_T": [
    1046,
    11072,
    21074,
    31091,
    41103,
    51117
  ],
  "num_circle": [
    1,
    1,
    1,
    1,
    1,
    1
  ],
  "num_circle_T": [
    31,
    10053,
    20061,
    30080,
    40083,
    50116
  ],
  "pred_total_reward": [
    -1.5276929224426385,
    0.3262065738638053,
    0.18146261078569675,
    0.33469446837671935,
    0.3982844869888837,
    0.46578931901422393
  ],
  "pred_total_reward_T": [
    1046,
    11072,
    21074,
    31091,
    41103,
    51117
  ],
  "q_taken_mean": [
    0.4484555771428358,
    0.8025299565889629,
    1.1865404482795634,
    1.3584731407607384,
    1.5883469614816543,
    1.9617804514269614
  ],
  "q_taken_mean_T": [
    1046,
    11072,
    21074,
    31091,
    41103,
    51117
  ],
  "return_mean": [
    {
      "dtype": "float64",
      "py/object": "numpy.float64",
      "value": 8.19635564630682
    },
    {
      "dtype": "float64",
      "py/object": "numpy.float64",
      "value": 9.145790546614759
    },
    {
      "dtype": "float64",
      "py/object": "numpy.float64",
      "value": 9.505586178677879
    },
    {
      "dtype": "float64",
      "py/object": "numpy.float64",
      "value": 10.286645739353935
    },
    {
      "dtype": "float64",
      "py/object": "numpy.float64",
      "value": 10.36969159787153
    },
    {
      "dtype": "float64",
      "py/object": "numpy.float64",
      "value": 9.97624068799299
    }
  ],
  "return_mean_T": [
    31,
    10053,
    20061,
    30080,
    40083,
    50116
  ],
  "return_std": [
    {
      "dtype": "float64",
      "py/object": "numpy.float64",
      "value": 0.0
    },
    {
      "dtype": "float64",
      "py/object": "numpy.float64",
      "value": 1.428954327977496
    },
    {
      "dtype": "float64",
      "py/object": "numpy.float64",
      "value": 1.5758508328181322
    },
    {
      "dtype": "float64",
      "py/object": "numpy.float64",
      "value": 1.880382307869712
    },
    {
      "dtype": "float64",
      "py/object": "numpy.float64",
      "value": 1.6363946082521459
    },
    {
      "dtype": "float64",
      "py/object": "numpy.float64",
      "value": 1.3354291626732724
    }
  ],
  "return_std_T": [
    31,
    10053,
    20061,
    30080,
    40083,
    50116
  ],
  "rewardnet_loss": [
    3.350583076477051,
    0.0799216702580452,
    0.08100830018520355,
    0.05308030918240547,
    0.05428321659564972,
    0.08971882611513138
  ],
  "rewardnet_loss_T": [
    1046,
    11072,
    21074,
    31091,
    41103,
    51117
  ],
  "target_mean": [
    0.6345748171979565,
    0.8485934387265105,
    1.1921791623221296,
    1.3402299917802847,
    1.6472665967039801,
    1.815766154209308
  ],
  "target_mean_T": [
    1046,
    11072,
    21074,
    31091,
    41103,
    51117
  ],
  "td_error_abs": [
    0.4221663757674325,
    0.2524505237757195,
    0.2627576354441395,
    0.2609312138502202,
    0.26421815483131217,
    0.3448613038537098
  ],
  "td_error_abs_T": [
    1046,
    11072,
    21074,
    31091,
    41103,
    51117
  ],
  "test_battle_won_mean": [
    0.0,
    0.0,
    0.0,
    0.0,
    0.0,
    0.0
  ],
  "test_battle_won_mean_T": [
    31,
    10053,
    20061,
    30080,
    40083,
    50116
  ],
  "test_ep_length_mean": [
    34.09375,
    33.125,
    33.96875,
    46.96875,
    30.125,
    32.875
  ],
  "test_ep_length_mean_T": [
    31,
    10053,
    20061,
    30080,
    40083,
    50116
  ],
  "test_return_mean": [
    {
      "dtype": "float64",
      "py/object": "numpy.float64",
      "value": 11.077600454355215
    },
    {
      "dtype": "float64",
      "py/object": "numpy.float64",
      "value": 11.219889653193487
    },
    {
      "dtype": "float64",
      "py/object": "numpy.float64",
      "value": 12.655912126813618
    },
    {
      "dtype": "float64",
      "py/object": "numpy.float64",
      "value": 12.211421619762074
    },
    {
      "dtype": "float64",
      "py/object": "numpy.float64",
      "value": 10.126376461673093
    },
    {
      "dtype": "float64",
      "py/object": "numpy.float64",
      "value": 10.817458412863992
    }
  ],
  "test_return_mean_T": [
    31,
    10053,
    20061,
    30080,
    40083,
    50116
  ],
  "test_return_std": [
    {
      "dtype": "float64",
      "py/object": "numpy.float64",
      "value": 1.1898944669751743
    },
    {
      "dtype": "float64",
      "py/object": "numpy.float64",
      "value": 1.241511990795878
    },
    {
      "dtype": "float64",
      "py/object": "numpy.float64",
      "value": 1.2585069816865684
    },
    {
      "dtype": "float64",
      "py/object": "numpy.float64",
      "value": 1.4511364561142106
    },
    {
      "dtype": "float64",
      "py/object": "numpy.float64",
      "value": 1.330826643633727
    },
    {
      "dtype": "float64",
      "py/object": "numpy.float64",
      "value": 1.0958516935916807
    }
  ],
  "test_return_std_T": [
    31,
    10053,
    20061,
    30080,
    40083,
    50116
  ],
  "vdn extrinsic rewards": [
    0.28188094946895914,
    0.29153999887569876,
    0.29166317266851693,
    0.29616378725265446,
    0.31587096256996267,
    0.3032074272051657
  ],