{
  "battle_won_mean": [
    0.0,
    0.0,
    0.0,
    0.0,
    0.0,
    0.0,
    0.0
  ],
  "battle_won_mean_T": [
    28,
    10029,
    20043,
    30074,
    40086,
    50106,
    60123
  ],
  "curiosity_decay_cycle": [
    100000,
    100000,
    100000,
    100000,
    100000,
    100000
  ],
  "curiosity_decay_cycle_T": [
    1078,
    11094,
    21108,
    31123,
    41136,
    51158
  ],
  "curiosity_decay_rate": [
    0.9,
    0.9,
    0.9,
    0.9,
    0.9,
    0.9
  ],
  "curiosity_decay_rate_T": [
    1078,
    11094,
    21108,
    31123,
    41136,
    51158
  ],
  "curiosity_decay_stop": [
    0.0,
    0.0,
    0.0,
    0.0,
    0.0,
    0.0
  ],
  "curiosity_decay_stop_T": [
    1078,
    11094,
    21108,
    31123,
    41136,
    51158
  ],
  "curiosity_scale": [
    0.001,
    0.001,
    0.001,
    0.001,
    0.001,
    0.001
  ],
  "curiosity_scale_T": [
    1078,
    11094,
    21108,
    31123,
    41136,
    51158
  ],
  "emdqn_curr_capacity": [
    1110,
    11359,
    21501,
    31678,
    41921,
    52229
  ],
  "emdqn_curr_capacity_T": [
    1078,
    11094,
    21108,
    31123,
    41136,
    51158
  ],
  "emdqn_loss": [
    0.0,
    0.0,
    0.0,
    0.0,
    0.0,
    0.0
  ],
  "emdqn_loss_T": [
    1078,
    11094,
    21108,
    31123,
    41136,
    51158
  ],
  "emdqn_weight": [
    0.1,
    0.1,
    0.1,
    0.1,
    0.1,
    0.1
  ],
  "emdqn_weight_T": [
    1078,
    11094,
    21108,
    31123,
    41136,
    51158
  ],
  "ep_length_mean": [
    28.0,
    32.68300653594771,
    32.72549019607843,
    32.88852459016393,
    33.04290429042904,
    32.01277955271566,
    32.20900321543408
  ],
  "ep_length_mean_T": [
    28,
    10029,
    20043,
    30074,
    40086,
    50106,
    60123
  ],
  "episode": [
    307,
    613,
    918,
    1221,
    1534
  ],
  "episode_T": [
    10029,
    20043,
    30074,
    40086,
    50106
  ],
  "epsilon": [
    1.0,
    0.810095,
    0.61981,
    0.42924000000000007,
    0.23895500000000014,
    0.05,
    0.05
  ],
  "epsilon_T": [
    28,
    10029,
    20043,
    30074,
    40086,
    50106,
    60123
  ],
  "grad_norm": [
    2.6605441570281982,
    0.5507977604866028,
    0.7763511538505554,
    1.573715090751648,
    0.9610398411750793,
    1.4379096031188965
  ],
  "grad_norm_T": [
    1078,
    11094,
    21108,
    31123,
    41136,
    51158
  ],
  "loss": [
    0.28884071111679077,
    0.0971386507153511,
    0.1300768256187439,
    0.14923256635665894,
    0.1150423213839531,
    0.1024087592959404
  ],
  "loss_T": [
    1078,
    11094,
    21108,
    31123,
    41136,
    51158
  ],
  "num_circle": [
    1,
    1,
    1,
    1,
    1,
    1
  ],
  "num_circle_T": [
    28,
    10029,
    20043,
    30074,
    40086,
    50106
  ],
  "q_taken_mean": [
    0.21949286805897786,
    0.5867943975138546,
    1.0018005076237924,
    1.1544788056398947,
    1.5056558492664047,
    1.5730197692516925
  ],
  "q_taken_mean_T": [
    1078,
    11094,
    21108,
    31123,
    41136,
    51158
  ],
  "return_mean": [
    {
      "dtype": "float64",
      "py/object": "numpy.float64",
      "value": 8.826999416599028
    },
    {
      "dtype": "float64",
      "py/object": "numpy.float64",
      "value": 9.058064291649425
    },
    {
      "dtype": "float64",
      "py/object": "numpy.float64",
      "value": 9.447208926184109
    },
    {
      "dtype": "float64",
      "py/object": "numpy.float64",
      "value": 10.14847632755948
    },
    {
      "dtype": "float64",
      "py/object": "numpy.float64",
      "value": 10.681215286009628
    },
    {
      "dtype": "float64",
      "py/object": "numpy.float64",
      "value": 10.55007123545509
    },
    {
      "dtype": "float64",
      "py/object": "numpy.float64",
      "value": 10.358776816217846
    }
  ],
  "return_mean_T": [
    28,
    10029,
    20043,
    30074,
    40086,
    50106,
    60123
  ],
  "return_std": [
    {
      "dtype": "float64",
      "py/object": "numpy.float64",
      "value": 0.0
    },
    {
      "dtype": "float64",
      "py/object": "numpy.float64",
      "value": 1.6048875719290734
    },
    {
      "dtype": "float64",
      "py/object": "numpy.float64",
      "value": 1.4619049702792795
    },
    {
      "dtype": "float64",
      "py/object": "numpy.float64",
      "value": 1.6475073414382828
    },
    {
      "dtype": "float64",
      "py/object": "numpy.float64",
      "value": 1.7376610643881631
    },
    {
      "dtype": "float64",
      "py/object": "numpy.float64",
      "value": 1.5114245577396548
    },
    {
      "dtype": "float64",
      "py/object": "numpy.float64",
      "value": 1.3350699658910963
    }
  ],
  "return_std_T": [
    28,
    10029,
    20043,
    30074,
    40086,
    50106,
    60123
  ],
  "target_mean": [
    0.4007536369705908,
    0.605223226312346,
    1.026203483544686,
    1.2096729365977315,
    1.5352997559496304,
    1.6180409296799443
  ],
  "target_mean_T": [
    1078,
    11094,
    21108,
    31123,
    41136,
    51158
  ],
  "td_error_abs": [
    0.3859398440217706,
    0.22894211942926415,
    0.2585318892474336,
    0.28498349421402386,
    0.2557021051149492,
    0.24162438575257647
  ],
  "td_error_abs_T": [
    1078,
    11094,
    21108,
    31123,
    41136,
    51158
  ],
  "test_battle_won_mean": [
    0.0,
    0.0,
    0.0,
    0.0,
    0.0,
    0.0
  ],
  "test_battle_won_mean_T": [
    28,
    10029,
    20043,
    30074,
    40086,
    50106
  ],
  "test_ep_length_mean": [
    34.90625,
    32.5625,
    32.65625,
    34.1875,
    33.375,
    32.5625
  ],
  "test_ep_length_mean_T": [
    28,
    10029,
    20043,
    30074,
    40086,
    50106
  ],
  "test_return_mean": [
    {
      "dtype": "float64",
      "py/object": "numpy.float64",
      "value": 10.115637345747515
    },
    {
      "dtype": "float64",
      "py/object": "numpy.float64",
      "value": 11.036463650790127
    },
    {
      "dtype": "float64",
      "py/object": "numpy.float64",
      "value": 11.526625992415788
    },
    {
      "dtype": "float64",
      "py/object": "numpy.float64",
      "value": 11.854549754749645
    },
    {
      "dtype": "float64",
      "py/object": "numpy.float64",
      "value": 11.463874222396257
    },
    {
      "dtype": "float64",
      "py/object": "numpy.float64",
      "value": 10.871691022600444
    }
  ],
  "test_return_mean_T": [
    28,
    10029,
    20043,
    30074,
    40086,
    50106
  ],
  "test_return_std": [
    {
      "dtype": "float64",
      "py/object": "numpy.float64",
      "value": 1.1693674569335712
    },
    {
      "dtype": "float64",
      "py/object": "numpy.float64",
      "value": 1.1789332972636706
    },
    {
      "dtype": "float64",
      "py/object": "numpy.float64",
      "value": 1.0894626126088816
    },
    {
      "dtype": "float64",
      "py/object": "numpy.float64",
      "value": 1.3861976746154558
    },
    {
      "dtype": "float64",
      "py/object": "numpy.float64",
      "value": 1.664816450813271
    },
    {
      "dtype": "float64",
      "py/object": "numpy.float64",
      "value": 1.327686957528821
    }
  ],
  "test_return_std_T": [
    28,
    10029,
    20043,
    30074,
    40086,
    50106
  ],
  "vdn extrinsic rewards": [
    0.2722013965387291,
    0.2785885063885468,
    0.2901202363092542,
    0.2926748749534544,
    0.29425274466410584,
    0.3249784724163594
  ],
  "vdn extrinsic rewards_T": [
    1078,
    11094,
    21108,
    31123,
    41136,
    51158
  ],
  "vdn grad_norm": [
    0.6797007322311401,
    0.2951049506664276,
    0.39193210005760193,
    0.7294052243232727,
    1.739061713218689,
    1.9349347352981567
  ],
  "vdn grad_norm_T": [
    1078,
    11094,
    21108,
    31123,
    41136,
    51158
  ],
  "vdn hit_prob": [
    0.14795918762683868,
    0.13645319640636444,
    0.14492753148078918,
    0.19935838878154755,
    0.19177448749542236,
    0.2412959337234497
  ],