{
  "battle_won_mean": [
    0.0,
    0.0,
    0.0,
    0.0,
    0.0,
    0.0
  ],
  "battle_won_mean_T": [
    31,
    10056,
    20058,
    30059,
    40078,
    50081
  ],
  "curiosity_decay_cycle": [
    100000,
    100000,
    100000,
    100000,
    100000,
    100000
  ],
  "curiosity_decay_cycle_T": [
    1058,
    11067,
    21067,
    31083,
    41095,
    51111
  ],
  "curiosity_decay_rate": [
    0.9,
    0.9,
    0.9,
    0.9,
    0.9,
    0.9
  ],
  "curiosity_decay_rate_T": [
    1058,
    11067,
    21067,
    31083,
    41095,
    51111
  ],
  "curiosity_decay_stop": [
    0.0,
    0.0,
    0.0,
    0.0,
    0.0,
    0.0
  ],
  "curiosity_decay_stop_T": [
    1058,
    11067,
    21067,
    31083,
    41095,
    51111
  ],
  "curiosity_scale": [
    0.001,
    0.001,
    0.001,
    0.001,
    0.001,
    0.001
  ],
  "curiosity_scale_T": [
    1058,
    11067,
    21067,
    31083,
    41095,
    51111
  ],
  "emdqn_curr_capacity": [
    1090,
    11313,
    21415,
    31558,
    41675,
    51751
  ],
  "emdqn_curr_capacity_T": [
    1058,
    11067,
    21067,
    31083,
    41095,
    51111
  ],
  "emdqn_loss": [
    0.0,
    0.0,
    0.0,
    0.0,
    0.0,
    0.0
  ],
  "emdqn_loss_T": [
    1058,
    11067,
    21067,
    31083,
    41095,
    51111
  ],
  "emdqn_weight": [
    0.1,
    0.1,
    0.1,
    0.1,
    0.1,
    0.1
  ],
  "emdqn_weight_T": [
    1058,
    11067,
    21067,
    31083,
    41095,
    51111
  ],
  "ep_length_mean": [
    31.0,
    32.548701298701296,
    32.579804560260584,
    32.57654723127036,
    33.39666666666667,
    34.61245674740484
  ],
  "ep_length_mean_T": [
    31,
    10056,
    20058,
    30059,
    40078,
    50081
  ],
  "episode": [
    308,
    615,
    922,
    1222,
    1511
  ],
  "episode_T": [
    10026,
    20027,
    30029,
    40045,
    50046
  ],
  "epsilon": [
    1.0,
    0.8095060000000001,
    0.6194870000000001,
    0.4294490000000001,
    0.23914500000000005,
    0.05
  ],
  "epsilon_T": [
    31,
    10056,
    20058,
    30059,
    40078,
    50081
  ],
  "grad_norm": [
    2.0972464084625244,
    0.39339447021484375,
    1.262792706489563,
    0.8614336252212524,
    1.7278356552124023,
    2.573253631591797
  ],
  "grad_norm_T": [
    1058,
    11067,
    21067,
    31083,
    41095,
    51111
  ],
  "loss": [
    0.2629115879535675,
    0.08170606195926666,
    0.13023364543914795,
    0.0926491916179657,
    0.11236254870891571,
    0.11153073608875275
  ],
  "loss_T": [
    1058,
    11067,
    21067,
    31083,
    41095,
    51111
  ],
  "num_circle": [
    1,
    1,
    1,
    1,
    1,
    1
  ],
  "num_circle_T": [
    31,
    10056,
    20058,
    30059,
    40078,
    50081
  ],
  "q_taken_mean": [
    0.20946518550072366,
    0.5869586764329194,
    0.8872692180129716,
    1.2075307132633588,
    1.5705917874396136,
    1.7009021555630262
  ],
  "q_taken_mean_T": [
    1058,
    11067,
    21067,
    31083,
    41095,
    51111
  ],
  "return_mean": [
    {
      "dtype": "float64",
      "py/object": "numpy.float64",
      "value": 8.52402724228896
    },
    {
      "dtype": "float64",
      "py/object": "numpy.float64",
      "value": 9.093726189185965
    },
    {
      "dtype": "float64",
      "py/object": "numpy.float64",
      "value": 9.652692945764283
    },
    {
      "dtype": "float64",
      "py/object": "numpy.float64",
      "value": 10.172279945630764
    },
    {
      "dtype": "float64",
      "py/object": "numpy.float64",
      "value": 11.282864868692506
    },
    {
      "dtype": "float64",
      "py/object": "numpy.float64",
      "value": 12.547098416154563
    }
  ],
  "return_mean_T": [
    31,
    10056,
    20058,
    30059,
    40078,
    50081
  ],
  "return_std": [
    {
      "dtype": "float64",
      "py/object": "numpy.float64",
      "value": 0.0
    },
    {
      "dtype": "float64",
      "py/object": "numpy.float64",
      "value": 1.585015889931087
    },
    {
      "dtype": "float64",
      "py/object": "numpy.float64",
      "value": 1.6141272367085482
    },
    {
      "dtype": "float64",
      "py/object": "numpy.float64",
      "value": 1.6497334651262303
    },
    {
      "dtype": "float64",
      "py/object": "numpy.float64",
      "value": 1.8028273045955672
    },
    {
      "dtype": "float64",
      "py/object": "numpy.float64",
      "value": 1.8736512943138668
    }
  ],
  "return_std_T": [
    31,
    10056,
    20058,
    30059,
    40078,
    50081
  ],
  "target_mean": [
    0.3826459513269435,
    0.5745675391378375,
    0.9428530135244694,
    1.176749425989981,
    1.6279018531099034,
    1.6142457082407624
  ],
  "target_mean_T": [
    1058,
    11067,
    21067,
    31083,
    41095,
    51111
  ],
  "td_error_abs": [
    0.3682572305315158,
    0.21712500517945396,
    0.26415854400058963,
    0.2293835414274958,
    0.25555416973316725,
    0.26345271368356815
  ],
  "td_error_abs_T": [
    1058,
    11067,
    21067,
    31083,
    41095,
    51111
  ],
  "test_battle_won_mean": [
    0.0,
    0.0,
    0.0,
    0.0,
    0.0,
    0.0
  ],
  "test_battle_won_mean_T": [
    31,
    10056,
    20058,
    30059,
    40078,
    50081
  ],
  "test_ep_length_mean": [
    37.6875,
    32.1875,
    33.875,
    33.40625,
    64.9375,
    40.15625
  ],
  "test_ep_length_mean_T": [
    31,
    10056,
    20058,
    30059,
    40078,
    50081
  ],
  "test_return_mean": [
    {
      "dtype": "float64",
      "py/object": "numpy.float64",
      "value": 11.589248954475702
    },
    {
      "dtype": "float64",
      "py/object": "numpy.float64",
      "value": 10.177848122336648
    },
    {
      "dtype": "float64",
      "py/object": "numpy.float64",
      "value": 12.057693283279221
    },
    {
      "dtype": "float64",
      "py/object": "numpy.float64",
      "value": 12.509910286246956
    },
    {
      "dtype": "float64",
      "py/object": "numpy.float64",
      "value": 14.988459302233409
    },
    {
      "dtype": "float64",
      "py/object": "numpy.float64",
      "value": 14.292160133262733
    }
  ],
  "test_return_mean_T": [
    31,
    10056,
    20058,
    30059,
    40078,
    50081
  ],
  "test_return_std": [
    {
      "dtype": "float64",
      "py/object": "numpy.float64",
      "value": 1.384030105149554
    },
    {
      "dtype": "float64",
      "py/object": "numpy.float64",
      "value": 0.9502884292089702
    },
    {
      "dtype": "float64",
      "py/object": "numpy.float64",
      "value": 1.1039894532409567
    },
    {
      "dtype": "float64",
      "py/object": "numpy.float64",
      "value": 1.0430055496347597
    },
    {
      "dtype": "float64",
      "py/object": "numpy.float64",
      "value": 1.7345962401462265
    },
    {
      "dtype": "float64",
      "py/object": "numpy.float64",
      "value": 2.00718895412134
    }
  ],
  "test_return_std_T": [
    31,
    10056,
    20058,
    30059,
    40078,
    50081
  ],
  "vdn extrinsic rewards": [
    0.28594644759237653,
    0.2902636036003797,
    0.2935683916199882,
    0.2827170568568106,
    0.3089784778834541,
    0.3373790487605239
  ],
  "vdn extrinsic rewards_T": [
    1058,
    11067,
    21067,
    31083,
    41095,
    51111
  ],
  "vdn grad_norm": [
    0.7437892556190491,
    0.1754654347896576,
    0.36181944608688354,
    0.7873294949531555,
    1.750206708908081,
    2.1179661750793457
  ],
  "vdn grad_norm_T": [
    1058,
    11067,
    21067,
    31083,
    41095,
    51111
  ],
  "vdn hit_prob": [
    0.14224952459335327,
    0.14705882966518402,
    0.14952829480171204,
    0.16841602325439453,
    0.17729468643665314,
    0.1969130039215088
  ],
  "vdn hit_prob_T": [
    1058,
    11067,
    21067,
    31083,
    41095,
    51111
  ],
  "vdn intrinsic rewards": [
    0.008332247995473937,
    0.004238940710731735,
    0.005405317162567714,
    0.005377263513230185,
    0.00594722268662015,
    0.005780648694515674
  ],