{
  "battle_won_mean": [
    0.0,
    0.0,
    0.0,
    0.0,
    0.0,
    0.0
  ],
  "battle_won_mean_T": [
    32,
    10036,
    20063,
    30114,
    40124,
    50133
  ],
  "curiosity_decay_cycle": [
    100000,
    100000,
    100000,
    100000,
    100000,
    100000
  ],
  "curiosity_decay_cycle_T": [
    1044,
    11047,
    21048,
    31076,
    41086,
    51087
  ],
  "curiosity_decay_rate": [
    0.9,
    0.9,
    0.9,
    0.9,
    0.9,
    0.9
  ],
  "curiosity_decay_rate_T": [
    1044,
    11047,
    21048,
    31076,
    41086,
    51087
  ],
  "curiosity_decay_stop": [
    0.0,
    0.0,
    0.0,
    0.0,
    0.0,
    0.0
  ],
  "curiosity_decay_stop_T": [
    1044,
    11047,
    21048,
    31076,
    41086,
    51087
  ],
  "curiosity_scale": [
    0.001,
    0.001,
    0.001,
    0.001,
    0.001,
    0.001
  ],
  "curiosity_scale_T": [
    1044,
    11047,
    21048,
    31076,
    41086,
    51087
  ],
  "emdqn_curr_capacity": [
    1076,
    11304,
    21445,
    31624,
    41879,
    52164
  ],
  "emdqn_curr_capacity_T": [
    1044,
    11047,
    21048,
    31076,
    41086,
    51087
  ],
  "emdqn_loss": [
    0.0,
    0.0,
    0.0,
    0.0,
    0.0,
    0.0
  ],
  "emdqn_loss_T": [
    1044,
    11047,
    21048,
    31076,
    41086,
    51087
  ],
  "emdqn_weight": [
    0.1,
    0.1,
    0.1,
    0.1,
    0.1,
    0.1
  ],
  "emdqn_weight_T": [
    1044,
    11047,
    21048,
    31076,
    41086,
    51087
  ],
  "ep_length_mean": [
    32.0,
    32.8,
    32.66123778501629,
    32.42258064516129,
    31.98083067092652,
    31.774603174603175
  ],
  "ep_length_mean_T": [
    32,
    10036,
    20063,
    30114,
    40124,
    50133
  ],
  "episode": [
    305,
    612,
    922,
    1234,
    1549
  ],
  "episode_T": [
    10006,
    20031,
    30051,
    40066,
    50078
  ],
  "epsilon": [
    1.0,
    0.809886,
    0.619411,
    0.42903100000000005,
    0.23821400000000015,
    0.05
  ],
  "epsilon_T": [
    32,
    10036,
    20063,
    30114,
    40124,
    50133
  ],
  "grad_norm": [
    3.0151562690734863,
    0.4133984446525574,
    0.5571349263191223,
    0.45469993352890015,
    3.2425155639648438,
    1.1239712238311768
  ],
  "grad_norm_T": [
    1044,
    11047,
    21048,
    31076,
    41086,
    51087
  ],
  "individual_reward": [
    -0.0005962907468678851,
    0.0003210243276770124,
    0.00029227394384868217,
    0.00031833480171852146,
    0.0004246038123893554,
    0.00029638386645528393
  ],
  "individual_reward_T": [
    1044,
    11047,
    21048,
    31076,
    41086,
    51087
  ],
  "loss": [
    0.3056379556655884,
    0.07775260508060455,
    0.12208682298660278,
    0.11437036097049713,
    0.16471734642982483,
    0.1110660582780838
  ],
  "loss_T": [
    1044,
    11047,
    21048,
    31076,
    41086,
    51087
  ],
  "num_circle": [
    1,
    1,
    1,
    1,
    1,
    1
  ],
  "num_circle_T": [
    32,
    10036,
    20063,
    30114,
    40124,
    50133
  ],
  "pred_total_reward": [
    -0.5971770304829681,
    0.30047978738414927,
    0.27256289395419037,
    0.2942693759513789,
    0.3900504823598412,
    0.28879528008903843
  ],
  "pred_total_reward_T": [
    1044,
    11047,
    21048,
    31076,
    41086,
    51087
  ],
  "q_taken_mean": [
    0.22239284588459352,
    0.6474491017852899,
    1.1577868606104995,
    1.3659616668905206,
    1.8997398574726299,
    1.918785021713933
  ],
  "q_taken_mean_T": [
    1044,
    11047,
    21048,
    31076,
    41086,
    51087
  ],
  "return_mean": [
    {
      "dtype": "float64",
      "py/object": "numpy.float64",
      "value": 7.200578962053571
    },
    {
      "dtype": "float64",
      "py/object": "numpy.float64",
      "value": 9.173499364205211
    },
    {
      "dtype": "float64",
      "py/object": "numpy.float64",
      "value": 9.667683442467295
    },
    {
      "dtype": "float64",
      "py/object": "numpy.float64",
      "value": 10.06569622728582
    },
    {
      "dtype": "float64",
      "py/object": "numpy.float64",
      "value": 10.164678934565085
    },
    {
      "dtype": "float64",
      "py/object": "numpy.float64",
      "value": 9.832537749948463
    }
  ],
  "return_mean_T": [
    32,
    10036,
    20063,
    30114,
    40124,
    50133
  ],
  "return_std": [
    {
      "dtype": "float64",
      "py/object": "numpy.float64",
      "value": 0.0
    },
    {
      "dtype": "float64",
      "py/object": "numpy.float64",
      "value": 1.5099197439522374
    },
    {
      "dtype": "float64",
      "py/object": "numpy.float64",
      "value": 1.6464304088265813
    },
    {
      "dtype": "float64",
      "py/object": "numpy.float64",
      "value": 1.6108918224559123
    },
    {
      "dtype": "float64",
      "py/object": "numpy.float64",
      "value": 1.58159122056307
    },
    {
      "dtype": "float64",
      "py/object": "numpy.float64",
      "value": 1.425848975469428
    }
  ],
  "return_std_T": [
    32,
    10036,
    20063,
    30114,
    40124,
    50133
  ],
  "rewardnet_loss": [
    1.123064637184143,
    0.06560547649860382,
    0.08291805535554886,
    0.06685881316661835,
    0.08127211779356003,
    0.07789631932973862
  ],
  "rewardnet_loss_T": [
    1044,
    11047,
    21048,
    31076,
    41086,
    51087
  ],
  "target_mean": [
    0.42310803877439535,
    0.6355925005198432,
    1.1432804916844224,
    1.3589143507118553,
    1.7927438774512752,
    1.9507296935211946
  ],
  "target_mean_T": [
    1044,
    11047,
    21048,
    31076,
    41086,
    51087
  ],
  "td_error_abs": [
    0.42527958077032446,
    0.20879848465720058,
    0.2564684549967448,
    0.24396847904354704,
    0.30352977058770453,
    0.24263156310211947
  ],
  "td_error_abs_T": [
    1044,
    11047,
    21048,
    31076,
    41086,
    51087
  ],
  "test_battle_won_mean": [
    0.0,
    0.0,
    0.0,
    0.0,
    0.0,
    0.0
  ],
  "test_battle_won_mean_T": [
    32,
    10036,
    20063,
    30114,
    40124,
    50133
  ],
  "test_ep_length_mean": [
    31.6875,
    33.21875,
    34.03125,
    36.0625,
    31.8125,
    32.15625
  ],
  "test_ep_length_mean_T": [
    32,
    10036,
    20063,
    30114,
    40124,
    50133
  ],
  "test_return_mean": [
    {
      "dtype": "float64",
      "py/object": "numpy.float64",
      "value": 8.726631263633827
    },
    {
      "dtype": "float64",
      "py/object": "numpy.float64",
      "value": 12.175645704393261
    },
    {
      "dtype": "float64",
      "py/object": "numpy.float64",
      "value": 12.632942695122262
    },
    {
      "dtype": "float64",
      "py/object": "numpy.float64",
      "value": 11.969000581022982
    },
    {
      "dtype": "float64",
      "py/object": "numpy.float64",
      "value": 9.63354036405489
    },
    {
      "dtype": "float64",
      "py/object": "numpy.float64",
      "value": 9.98168350814225
    }
  ],
  "test_return_mean_T": [
    32,
    10036,
    20063,
    30114,
    40124,
    50133
  ],
  "test_return_std": [
    {
      "dtype": "float64",
      "py/object": "numpy.float64",
      "value": 1.1350456627663936
    },
    {
      "dtype": "float64",
      "py/object": "numpy.float64",
      "value": 0.9854260530892767
    },
    {
      "dtype": "float64",
      "py/object": "numpy.float64",
      "value": 1.7067699733911321
    },
    {
      "dtype": "float64",
      "py/object": "numpy.float64",
      "value": 2.144136039134766
    },
    {
      "dtype": "float64",
      "py/object": "numpy.float64",
      "value": 1.138421942556342
    },
    {
      "dtype": "float64",
      "py/object": "numpy.float64",
      "value": 1.1768164515869475
    }
  ],
  "test_return_std_T": [
    32,
    10036,
    20063,
    30114,
    40124,
    50133
  ],
  "vdn extrinsic rewards": [
    0.2729244305256226,
    0.2782318927489306,
    0.28778920029148913,
    0.3026803935724093,
    0.30558038147971306,
    0.3060118688094593
  ],